<?xml version="1.0" encoding="utf-8"?>
<!DOCTYPE hibernate-mapping PUBLIC "-//Hibernate/Hibernate Mapping DTD 3.0//EN"
"http://hibernate.sourceforge.net/hibernate-mapping-3.0.dtd">
<!-- 
    Mapping file autogenerated by MyEclipse Persistence Tools
-->
<hibernate-mapping>
    <class name="com.cauc.training.pojos.AddHoursAndAddLesson" table="addHoursAndAddLesson" schema="dbo" catalog="trainingRecord">
        <id name="VId" type="string">
            <column name="v_id" length="50" />
            <generator class="uuid.hex" />
        </id>
        <many-to-one name="TUserByVAudituserid" class="com.cauc.training.pojos.TUser" fetch="select">
            <column name="v_audituserid" length="50" />
        </many-to-one>
        <many-to-one name="TUserByVCreateuserid" class="com.cauc.training.pojos.TUser" fetch="select">
            <column name="v_createuserid" length="50" not-null="true" />
        </many-to-one>
        <many-to-one name="TTrainingLesson" class="com.cauc.training.pojos.TTrainingLesson" fetch="select">
            <column name="v_lessonid" length="50" />
        </many-to-one>
        <many-to-one name="studentBaseInfo" class="com.cauc.training.pojos.StudentBaseInfo" fetch="select">
            <column name="v_stuid" length="50" />
        </many-to-one>
        <property name="IType" type="integer">
            <column name="i_type" />
        </property>
        <property name="DDuration" type="double">
            <column name="d_duration" precision="20" />
        </property>
        <property name="DCreatedate" type="timestamp">
            <column name="d_createdate" length="23" not-null="true" />
        </property>
        <property name="IAuditstatus" type="integer">
            <column name="i_auditstatus" />
        </property>
        <property name="DAudittime" type="timestamp">
            <column name="d_audittime" length="23" />
        </property>
    </class>
</hibernate-mapping>
