<?xml version="1.0" encoding="utf-8"?>
<!DOCTYPE hibernate-mapping PUBLIC "-//Hibernate/Hibernate Mapping DTD 3.0//EN"
"http://hibernate.sourceforge.net/hibernate-mapping-3.0.dtd">
<!-- 
    Mapping file autogenerated by MyEclipse Persistence Tools
-->
<hibernate-mapping>
    <class name="com.cauc.training.pojos.AssignExamTeacher" table="assignExamTeacher" schema="dbo" catalog="trainingRecord">
        <id name="VId" type="string">
            <column name="v_id" length="50" />
            <generator class="uuid.hex" />
        </id>
        <many-to-one name="practiceAsk" class="com.cauc.training.pojos.PracticeAsk" fetch="select">
            <column name="v_examid" length="50" />
        </many-to-one>
        <many-to-one name="TUser" class="com.cauc.training.pojos.TUser" fetch="select">
            <column name="v_createuserid" length="50" />
        </many-to-one>
        <many-to-one name="teacherBaseInfo" class="com.cauc.training.pojos.TeacherBaseInfo" fetch="select">
            <column name="v_schoolTeacher" length="50" />
        </many-to-one>
        <many-to-one name="TOtheruser" class="com.cauc.training.pojos.TOtheruser" fetch="select">
            <column name="v_examteacher" length="50" />
        </many-to-one>
        <property name="IType" type="integer">
            <column name="i_type" />
        </property>
        <property name="DCreatedate" type="timestamp">
            <column name="d_createdate" length="23" />
        </property>
    </class>
</hibernate-mapping>
