<?xml version="1.0" encoding="utf-8"?>
<!DOCTYPE hibernate-mapping PUBLIC "-//Hibernate/Hibernate Mapping DTD 3.0//EN"
"http://hibernate.sourceforge.net/hibernate-mapping-3.0.dtd">
<!-- 
    Mapping file autogenerated by MyEclipse Persistence Tools
-->
<hibernate-mapping>
    <class name="com.cauc.training.pojos.Flytaskbook" table="flytaskbook" schema="dbo" catalog="trainingRecord">
        <id name="VId" type="string">
            <column name="v_id" length="50" />
            <generator class="uuid.hex" />
        </id>
        <many-to-one name="TUser" class="com.cauc.training.pojos.TUser" fetch="select">
            <column name="V_createUserId" length="50" not-null="true" />
        </many-to-one>
        <many-to-one name="teacherBaseInfo" class="com.cauc.training.pojos.TeacherBaseInfo" fetch="select">
            <column name="v_teacher" length="50" />
        </many-to-one>
        <property name="VEnginecode" type="string">
            <column name="v_enginecode" length="50" />
        </property>
        <property name="VEngineform" type="string">
            <column name="v_engineform" length="50" />
        </property>
        <property name="VCaptain" type="string">
            <column name="v_captain" length="50" />
        </property>
        <property name="VSecondcaptain" type="string">
            <column name="v_secondcaptain" length="50" />
        </property>
        <property name="VCrew" type="string">
            <column name="v_crew" length="50" />
        </property>
        <property name="VInspector" type="string">
            <column name="v_inspector" length="500" />
        </property>
        <property name="VEaxm" type="string">
            <column name="v_eaxm" length="500" />
        </property>
        <property name="VSubject" type="string">
            <column name="v_subject" length="50" />
        </property>
        <property name="VFlyline" type="string">
            <column name="v_flyline" length="100" />
        </property>
        <property name="DJgweight" type="double">
            <column name="d_jgweight" precision="20" />
        </property>
        <property name="DJbweight" type="double">
            <column name="d_jbweight" precision="20" />
        </property>
        <property name="DMaxfweight" type="double">
            <column name="d_maxfweight" precision="20" />
        </property>
        <property name="DMaxlweight" type="double">
            <column name="d_maxlweight" precision="20" />
        </property>
        <property name="VOperator" type="string">
            <column name="v_operator" length="50" />
        </property>
        <property name="VDean" type="string">
            <column name="v_dean" length="50" />
        </property>
        <property name="DDate" type="timestamp">
            <column name="d_date" length="23" />
        </property>
        <property name="DCreateDate" type="timestamp">
            <column name="D_createDate" length="23" not-null="true" />
        </property>
        <set name="TFlyreports" inverse="true">
            <key>
                <column name="v_taskid" length="50" />
            </key>
            <one-to-many class="com.cauc.training.pojos.TFlyreport" />
        </set>
    </class>
</hibernate-mapping>
