<?xml version="1.0" encoding="utf-8"?>
<!DOCTYPE hibernate-mapping PUBLIC "-//Hibernate/Hibernate Mapping DTD 3.0//EN"
"http://hibernate.sourceforge.net/hibernate-mapping-3.0.dtd">
<!-- 
    Mapping file autogenerated by MyEclipse Persistence Tools
-->
<hibernate-mapping>
    <class name="com.cauc.training.pojos.GraduationStudentAssign" table="graduationStudentAssign" schema="dbo" catalog="trainingRecord">
        <id name="VId" type="string">
            <column name="v_id" length="50" />
            <generator class="uuid.hex" />
        </id>
        <many-to-one name="TUser" class="com.cauc.training.pojos.TUser" fetch="select">
            <column name="v_createUserid" length="50" />
        </many-to-one>
        <many-to-one name="studentBaseInfo" class="com.cauc.training.pojos.StudentBaseInfo" fetch="select">
            <column name="v_stuid" length="50" />
        </many-to-one>
        <many-to-one name="TOrg" class="com.cauc.training.pojos.TOrg" fetch="select">
            <column name="v_companyid" length="50" />
        </many-to-one>
        <property name="VAssignaddress" type="string">
            <column name="v_assignaddress" length="200" />
        </property>
        <property name="VAssigndate" type="timestamp">
            <column name="v_assigndate" length="23" />
        </property>
        <property name="DCreatedate" type="timestamp">
            <column name="d_createdate" length="23" />
        </property>
    </class>
</hibernate-mapping>
