<?xml version="1.0" encoding="utf-8"?>
<!DOCTYPE hibernate-mapping PUBLIC "-//Hibernate/Hibernate Mapping DTD 3.0//EN"
"http://hibernate.sourceforge.net/hibernate-mapping-3.0.dtd">
<!-- 
    Mapping file autogenerated by MyEclipse Persistence Tools
-->
<hibernate-mapping>
    <class name="com.cauc.training.pojos.GraduationDesign" table="graduationDesign" schema="dbo" catalog="trainingRecord">
        <id name="VId" type="string">
            <column name="v_id" length="50" />
            <generator class="uuid.hex" />
        </id>
        <many-to-one name="TUser" class="com.cauc.training.pojos.TUser" fetch="select">
            <column name="V_createUserId" length="50" not-null="true" />
        </many-to-one>
        <many-to-one name="studentBaseInfo" class="com.cauc.training.pojos.StudentBaseInfo" fetch="select">
            <column name="v_stuid" length="50" not-null="true" />
        </many-to-one>
        <property name="ICheckResult" type="integer">
            <column name="i_checkResult" not-null="true" />
        </property>
        <property name="DCreateDate" type="timestamp">
            <column name="D_createDate" length="23" not-null="true" />
        </property>
        <property name="IType" type="integer">
            <column name="i_type" />
        </property>
    </class>
</hibernate-mapping>
