<?xml version="1.0" encoding="utf-8"?>
<!DOCTYPE hibernate-mapping PUBLIC "-//Hibernate/Hibernate Mapping DTD 3.0//EN"
"http://hibernate.sourceforge.net/hibernate-mapping-3.0.dtd">
<!-- 
    Mapping file autogenerated by MyEclipse Persistence Tools
-->
<hibernate-mapping>
    <class name="com.cauc.training.pojos.Lessonchangedbaseflyline" table="lessonchangedbaseflyline" schema="dbo" catalog="trainingRecord">
        <id name="VId" type="string">
            <column name="v_id" length="50" />
            <generator class="uuid.hex" />
        </id>
        <many-to-one name="changedbaseflyline" class="com.cauc.training.pojos.Changedbaseflyline" fetch="select">
            <column name="v_flylineid" length="50" />
        </many-to-one>
        <many-to-one name="TTrainingLesson" class="com.cauc.training.pojos.TTrainingLesson" fetch="select">
            <column name="v_lessonid" length="50" />
        </many-to-one>
        <property name="IDefine" type="integer">
            <column name="i_define" />
        </property>
    </class>
</hibernate-mapping>
