<?xml version="1.0" encoding="utf-8"?>
<!DOCTYPE hibernate-mapping PUBLIC "-//Hibernate/Hibernate Mapping DTD 3.0//EN"
"http://hibernate.sourceforge.net/hibernate-mapping-3.0.dtd">
<!-- 
    Mapping file autogenerated by MyEclipse Persistence Tools
-->
<hibernate-mapping>
    <class name="com.cauc.training.pojos.Newworkerandchangetrain" table="newworkerandchangetrain" schema="dbo" catalog="trainingRecord">
        <id name="VId" type="string">
            <column name="v_id" length="50" />
            <generator class="uuid.hex" />
        </id>
        <many-to-one name="TUser" class="com.cauc.training.pojos.TUser" fetch="select">
            <column name="v_createuserid" length="50" not-null="true" />
        </many-to-one>
        <many-to-one name="studentBaseInfo" class="com.cauc.training.pojos.StudentBaseInfo" fetch="select">
            <column name="v_stuid" length="50" />
        </many-to-one>
        <property name="DStarttime" type="timestamp">
            <column name="d_starttime" length="23" />
        </property>
        <property name="DEndtime" type="timestamp">
            <column name="d_endtime" length="23" />
        </property>
        <property name="DScore" type="double">
            <column name="d_score" precision="20" />
        </property>
        <property name="ITrainType" type="integer">
            <column name="i_trainType" />
        </property>
        <property name="DCreatedate" type="timestamp">
            <column name="d_createdate" length="23" not-null="true" />
        </property>
    </class>
</hibernate-mapping>
