<?xml version="1.0" encoding="utf-8"?>
<!DOCTYPE hibernate-mapping PUBLIC "-//Hibernate/Hibernate Mapping DTD 3.0//EN"
"http://hibernate.sourceforge.net/hibernate-mapping-3.0.dtd">
<!-- 
    Mapping file autogenerated by MyEclipse Persistence Tools
-->
<hibernate-mapping>
    <class name="com.cauc.training.pojos.OutLineAudit" table="outLineAudit" schema="dbo" catalog="trainingRecord">
        <id name="VId" type="string">
            <column name="v_id" length="50" />
            <generator class="uuid.hex" />
        </id>
        <many-to-one name="TOutline" class="com.cauc.training.pojos.TOutline" fetch="select">
            <column name="v_outlineid" length="50" />
        </many-to-one>
        <many-to-one name="TUser" class="com.cauc.training.pojos.TUser" fetch="select">
            <column name="v_audituserid" length="50" />
        </many-to-one>
        <property name="DAudittime" type="timestamp">
            <column name="d_audittime" length="23" />
        </property>
        <property name="IStatus" type="integer">
            <column name="i_status" />
        </property>
        <property name="VReason" type="string">
            <column name="v_reason" length="1000" />
        </property>
    </class>
</hibernate-mapping>
