<?xml version="1.0" encoding="utf-8"?>
<!DOCTYPE hibernate-mapping PUBLIC "-//Hibernate/Hibernate Mapping DTD 3.0//EN"
"http://hibernate.sourceforge.net/hibernate-mapping-3.0.dtd">
<!-- 
    Mapping file autogenerated by MyEclipse Persistence Tools
-->
<hibernate-mapping>
    <class name="com.cauc.training.pojos.Planeform" table="planeform" schema="dbo" catalog="trainingRecord">
        <id name="VId" type="string">
            <column name="v_id" length="50" />
            <generator class="uuid.hex" />
        </id>
        <many-to-one name="TUser" class="com.cauc.training.pojos.TUser" fetch="select">
            <column name="V_createUserId" length="50" not-null="true" />
        </many-to-one>
        <property name="VName" type="string">
            <column name="v_name" length="50" />
        </property>
        <property name="VChangshang" type="string">
            <column name="v_changshang" length="100" />
        </property>
        <property name="VXingzhi" type="string">
            <column name="v_xingzhi" length="50" />
        </property>
        <property name="VFtd" type="string">
            <column name="v_ftd" length="100" />
        </property>
        <property name="DShouming" type="string">
            <column name="d_shouming" length="50" />
        </property>
        <property name="DJbweight" type="string">
            <column name="d_jbweight" length="50" />
        </property>
        <property name="DFweight" type="string">
            <column name="d_fweight" length="50" />
        </property>
        <property name="DLweight" type="string">
            <column name="d_lweight" length="50" />
        </property>
        <property name="DJgweight" type="string">
            <column name="d_jgweight" length="50" />
        </property>
        <property name="VBz" type="string">
            <column name="v_bz" length="200" />
        </property>
        <property name="DCreateDate" type="timestamp">
            <column name="D_createDate" length="23" not-null="true" />
        </property>
        <set name="planeinfos" inverse="true">
            <key>
                <column name="v_planeform" length="50" />
            </key>
            <one-to-many class="com.cauc.training.pojos.Planeinfo" />
        </set>
    </class>
</hibernate-mapping>
