<?xml version="1.0" encoding="utf-8"?>
<!DOCTYPE hibernate-mapping PUBLIC "-//Hibernate/Hibernate Mapping DTD 3.0//EN"
"http://hibernate.sourceforge.net/hibernate-mapping-3.0.dtd">
<!-- 
    Mapping file autogenerated by MyEclipse Persistence Tools
-->
<hibernate-mapping>
    <class name="com.cauc.training.pojos.Planeinfo" table="planeinfo" schema="dbo" catalog="trainingRecord">
        <id name="VId" type="string">
            <column name="v_id" length="50" />
            <generator class="uuid.hex" />
        </id>
        <many-to-one name="TOrg" class="com.cauc.training.pojos.TOrg" fetch="select">
            <column name="v_baseid" length="50" />
        </many-to-one>
        <many-to-one name="planeform" class="com.cauc.training.pojos.Planeform" fetch="select">
            <column name="v_planeform" length="50" />
        </many-to-one>
        <many-to-one name="TUser" class="com.cauc.training.pojos.TUser" fetch="select">
            <column name="V_createUserId" length="50" not-null="true" />
        </many-to-one>
        <property name="VPlanecode" type="string">
            <column name="v_planecode" length="50" unique="true" />
        </property>
        <property name="DEnterdate" type="timestamp">
            <column name="d_enterdate" length="23" />
        </property>
        <property name="ITimes" type="integer">
            <column name="i_times" />
        </property>
        <property name="DUsetime" type="double">
            <column name="d_usetime" precision="20" />
        </property>
        <property name="DCsdjtime" type="double">
            <column name="d_csdjtime" precision="20" />
        </property>
        <property name="DActflytime" type="double">
            <column name="d_actflytime" precision="20" />
        </property>
        <property name="DSjdjflytime" type="double">
            <column name="d_sjdjflytime" precision="20" />
        </property>
        <property name="VHgz" type="string">
            <column name="v_hgz" length="50" />
        </property>
        <property name="IStatus" type="integer">
            <column name="i_status" />
        </property>
        <property name="VDw" type="string">
            <column name="v_dw" length="200" />
        </property>
        <property name="VBz" type="string">
            <column name="v_bz" length="400" />
        </property>
        <property name="DCreateDate" type="timestamp">
            <column name="D_createDate" length="23" not-null="true" />
        </property>
        <property name="DWstime" type="double">
            <column name="d_wstime" precision="20" />
        </property>
        <property name="DYbtime" type="double">
            <column name="d_ybtime" precision="20" />
        </property>
        <property name="DEbtime" type="double">
            <column name="d_ebtime" precision="20" />
        </property>
        <property name="DYqwbtime" type="double">
            <column name="d_yqwbtime" precision="20" />
        </property>
        <property name="IDeviceType" type="integer">
            <column name="i_deviceType" />
        </property>
        <property name="VZhuce" type="string">
            <column name="v_zhuce" length="50" />
        </property>
        <property name="VCountry" type="string">
            <column name="v_country" length="100" />
        </property>
        <set name="TPlanereleases" inverse="true">
            <key>
                <column name="v_planeid" length="50" />
            </key>
            <one-to-many class="com.cauc.training.pojos.TPlanerelease" />
        </set>
        <set name="TTeacherpaytimes" inverse="true">
            <key>
                <column name="v_planeid" length="50" />
            </key>
            <one-to-many class="com.cauc.training.pojos.TTeacherpaytime" />
        </set>
        <set name="TFlightexperiencerecords" inverse="true">
            <key>
                <column name="v_planeid" length="50" />
            </key>
            <one-to-many class="com.cauc.training.pojos.TFlightexperiencerecord" />
        </set>
        <set name="TPlaneexchanges" inverse="true">
            <key>
                <column name="v_planeid" length="50" />
            </key>
            <one-to-many class="com.cauc.training.pojos.TPlaneexchange" />
        </set>
        <set name="TFlightTrainingrecords" inverse="true">
            <key>
                <column name="v_planeid" length="50" />
            </key>
            <one-to-many class="com.cauc.training.pojos.TFlightTrainingrecord" />
        </set>
        <set name="TFlyteachrecords" inverse="true">
            <key>
                <column name="v_planeid" length="50" />
            </key>
            <one-to-many class="com.cauc.training.pojos.TFlyteachrecord" />
        </set>
        <set name="TDispatchs" inverse="true">
            <key>
                <column name="v_planeid" length="50" />
            </key>
            <one-to-many class="com.cauc.training.pojos.TDispatch" />
        </set>
        <set name="THistoryrecords" inverse="true">
            <key>
                <column name="v_planeid" length="50" />
            </key>
            <one-to-many class="com.cauc.training.pojos.THistoryrecord" />
        </set>
        <set name="TExperiencerecordEdits" inverse="true">
            <key>
                <column name="v_planeid" length="50" />
            </key>
            <one-to-many class="com.cauc.training.pojos.TExperiencerecordEdit" />
        </set>
        <set name="TOtherflyrecords" inverse="true">
            <key>
                <column name="v_planeid" length="50" />
            </key>
            <one-to-many class="com.cauc.training.pojos.TOtherflyrecord" />
        </set>
        <set name="planechecks" inverse="true">
            <key>
                <column name="v_planeid" length="50" />
            </key>
            <one-to-many class="com.cauc.training.pojos.Planecheck" />
        </set>
        <set name="TRepairrecords" inverse="true">
            <key>
                <column name="v_planeid" length="50" />
            </key>
            <one-to-many class="com.cauc.training.pojos.TRepairrecord" />
        </set>
        <set name="TTeacherflightexperiencerecords" inverse="true">
            <key>
                <column name="v_planeid" length="50" />
            </key>
            <one-to-many class="com.cauc.training.pojos.TTeacherflightexperiencerecord" />
        </set>
    </class>
</hibernate-mapping>
