<?xml version="1.0" encoding="utf-8"?>
<!DOCTYPE hibernate-mapping PUBLIC "-//Hibernate/Hibernate Mapping DTD 3.0//EN"
"http://hibernate.sourceforge.net/hibernate-mapping-3.0.dtd">
<!-- 
    Mapping file autogenerated by MyEclipse Persistence Tools
-->
<hibernate-mapping>
    <class name="com.cauc.training.pojos.PlaneCheckCycle" table="planeCheckCycle" schema="dbo" catalog="trainingRecord">
        <id name="VId" type="string">
            <column name="v_id" length="50" />
            <generator class="uuid.hex" />
        </id>
        <property name="VFormid" type="string">
            <column name="v_formid" length="50" />
        </property>
        <property name="ICycle" type="integer">
            <column name="i_cycle" />
        </property>
        <set name="planechecks" inverse="true">
            <key>
                <column name="v_formid" length="50" />
            </key>
            <one-to-many class="com.cauc.training.pojos.Planecheck" />
        </set>
    </class>
</hibernate-mapping>
