<?xml version="1.0" encoding="utf-8"?>
<!DOCTYPE hibernate-mapping PUBLIC "-//Hibernate/Hibernate Mapping DTD 3.0//EN"
"http://hibernate.sourceforge.net/hibernate-mapping-3.0.dtd">
<!-- 
    Mapping file autogenerated by MyEclipse Persistence Tools
-->
<hibernate-mapping>
    <class name="com.cauc.training.pojos.Planecheck" table="planecheck" schema="dbo" catalog="trainingRecord">
        <id name="VId" type="string">
            <column name="v_id" length="50" />
            <generator class="uuid.hex" />
        </id>
        <many-to-one name="TUser" class="com.cauc.training.pojos.TUser" fetch="select">
            <column name="V_createUserId" length="50" not-null="true" />
        </many-to-one>
        <many-to-one name="planeCheckCycle" class="com.cauc.training.pojos.PlaneCheckCycle" fetch="select">
            <column name="v_formid" length="50" />
        </many-to-one>
        <many-to-one name="planeinfo" class="com.cauc.training.pojos.Planeinfo" fetch="select">
            <column name="v_planeid" length="50" />
        </many-to-one>
        <property name="DChecktime" type="timestamp">
            <column name="d_checktime" length="23" not-null="true" />
        </property>
        <property name="VCheckperson" type="string">
            <column name="v_checkperson" length="50" />
        </property>
        <property name="VCheckresult" type="string">
            <column name="v_checkresult" length="200" />
        </property>
        <property name="VChecktype" type="string">
            <column name="v_checktype" length="50" />
        </property>
        <property name="DCreateDate" type="timestamp">
            <column name="D_createDate" length="23" not-null="true" />
        </property>
        <property name="IFifty" type="double">
            <column name="i_fifty" precision="20" />
        </property>
        <property name="IOne" type="double">
            <column name="i_one" precision="20" />
        </property>
        <property name="ITwo" type="double">
            <column name="i_two" precision="20" />
        </property>
        <property name="IThree" type="double">
            <column name="i_three" precision="20" />
        </property>
    </class>
</hibernate-mapping>
