<?xml version="1.0" encoding="utf-8"?>
<!DOCTYPE hibernate-mapping PUBLIC "-//Hibernate/Hibernate Mapping DTD 3.0//EN"
"http://hibernate.sourceforge.net/hibernate-mapping-3.0.dtd">
<!-- 
    Mapping file autogenerated by MyEclipse Persistence Tools
-->
<hibernate-mapping>
    <class name="com.cauc.training.pojos.PolicyLaws" table="policyLaws" schema="dbo" catalog="trainingRecord">
        <id name="VId" type="string">
            <column name="v_id" length="50" />
            <generator class="uuid.hex" />
        </id>
        <many-to-one name="TUser" class="com.cauc.training.pojos.TUser" fetch="select">
            <column name="v_createuserid" length="50" not-null="true" />
        </many-to-one>
        <property name="INo" type="integer">
            <column name="i_no" />
        </property>
        <property name="IType" type="integer">
            <column name="i_type" />
        </property>
        <property name="VContent" type="string">
            <column name="v_content" length="400" />
        </property>
        <property name="IContentType" type="integer">
            <column name="i_contentType" />
        </property>
        <property name="IContentTime" type="integer">
            <column name="i_contentTime" />
        </property>
        <property name="ILimitTime" type="integer">
            <column name="i_limitTime" />
        </property>
        <property name="DCreatedate" type="timestamp">
            <column name="d_createdate" length="23" not-null="true" />
        </property>
    </class>
</hibernate-mapping>
