<?xml version="1.0" encoding="utf-8"?>
<!DOCTYPE hibernate-mapping PUBLIC "-//Hibernate/Hibernate Mapping DTD 3.0//EN"
"http://hibernate.sourceforge.net/hibernate-mapping-3.0.dtd">
<!-- 
    Mapping file autogenerated by MyEclipse Persistence Tools
-->
<hibernate-mapping>
    <class name="com.cauc.training.pojos.PracticeAsk" table="practiceAsk" schema="dbo" catalog="trainingRecord">
        <id name="VId" type="string">
            <column name="v_id" length="50" />
            <generator class="uuid.hex" />
        </id>
        <many-to-one name="TUserByVAuditUserid" class="com.cauc.training.pojos.TUser" fetch="select">
            <column name="v_auditUserid" length="50" />
        </many-to-one>
        <many-to-one name="TUserByVCreateuserid" class="com.cauc.training.pojos.TUser" fetch="select">
            <column name="v_createuserid" length="50" />
        </many-to-one>
        <property name="DCreatedate" type="timestamp">
            <column name="d_createdate" length="23" />
        </property>
        <property name="VBz" type="string">
            <column name="v_bz" length="1000" />
        </property>
        <property name="VName" type="string">
            <column name="v_name" length="400" />
        </property>
        <property name="VContent" type="string">
            <column name="v_content" length="4000" />
        </property>
        <property name="DAskTime" type="timestamp">
            <column name="d_askTime" length="23" />
        </property>
        <property name="IAuditStauts" type="integer">
            <column name="i_auditStauts" />
        </property>
        <property name="DAuditTime" type="timestamp">
            <column name="d_auditTime" length="23" />
        </property>
        <property name="DExamTime" type="timestamp">
            <column name="d_examTime" length="23" />
        </property>
        <set name="practiceTests" inverse="true">
            <key>
                <column name="v_examid" length="50" />
            </key>
            <one-to-many class="com.cauc.training.pojos.PracticeTest" />
        </set>
        <set name="assignExamTeachers" inverse="true">
            <key>
                <column name="v_examid" length="50" />
            </key>
            <one-to-many class="com.cauc.training.pojos.AssignExamTeacher" />
        </set>
    </class>
</hibernate-mapping>
