<?xml version="1.0" encoding="utf-8"?>
<!DOCTYPE hibernate-mapping PUBLIC "-//Hibernate/Hibernate Mapping DTD 3.0//EN"
"http://hibernate.sourceforge.net/hibernate-mapping-3.0.dtd">
<!-- 
    Mapping file autogenerated by MyEclipse Persistence Tools
-->
<hibernate-mapping>
    <class name="com.cauc.training.pojos.RecommendStudentLicenseExam" table="recommendStudentLicenseExam" schema="dbo" catalog="trainingRecord">
        <id name="VId" type="string">
            <column name="v_id" length="50" />
            <generator class="uuid.hex" />
        </id>
        <many-to-one name="TOtheruser" class="com.cauc.training.pojos.TOtheruser" fetch="select">
            <column name="v_teacherid" length="50" />
        </many-to-one>
        <many-to-one name="TSetClass" class="com.cauc.training.pojos.TSetClass" fetch="select">
            <column name="v_classid" length="50" />
        </many-to-one>
        <many-to-one name="TLesson" class="com.cauc.training.pojos.TLesson" fetch="select">
            <column name="v_lessonid" length="50" />
        </many-to-one>
        <many-to-one name="studentBaseInfo" class="com.cauc.training.pojos.StudentBaseInfo" fetch="select">
            <column name="v_stuid" length="50" />
        </many-to-one>
        <property name="DTjdate" type="timestamp">
            <column name="d_tjdate" length="23" />
        </property>
        <property name="DExamDate" type="timestamp">
            <column name="d_examDate" length="23" />
        </property>
        <property name="DCreateDate" type="timestamp">
            <column name="d_createDate" length="23" />
        </property>
    </class>
</hibernate-mapping>
