<?xml version="1.0" encoding="utf-8"?>
<!DOCTYPE hibernate-mapping PUBLIC "-//Hibernate/Hibernate Mapping DTD 3.0//EN"
"http://hibernate.sourceforge.net/hibernate-mapping-3.0.dtd">
<!-- 
    Mapping file autogenerated by MyEclipse Persistence Tools
-->
<hibernate-mapping>
    <class name="com.cauc.training.pojos.Station" table="station" schema="dbo" catalog="trainingRecord">
        <id name="VId" type="string">
            <column name="v_id" length="50" />
            <generator class="uuid.hex" />
        </id>
        <many-to-one name="TUser" class="com.cauc.training.pojos.TUser" fetch="select">
            <column name="V_createUserId" length="50" not-null="true" />
        </many-to-one>
        <property name="VName" type="string">
            <column name="v_name" length="100" not-null="true" unique="true" />
        </property>
        <property name="DCreateDate" type="timestamp">
            <column name="D_createDate" length="23" not-null="true" />
        </property>
        <property name="VCode" type="string">
            <column name="v_code" length="50" />
        </property>
        <property name="VJcname" type="string">
            <column name="v_jcname" length="200" />
        </property>
        <property name="DArpx" type="string">
            <column name="d_arpx" length="50" />
        </property>
        <property name="DArpy" type="string">
            <column name="d_arpy" length="50" />
        </property>
        <set name="changedbaseflylinesForEndStationId" inverse="true">
            <key>
                <column name="endStationId" length="50" />
            </key>
            <one-to-many class="com.cauc.training.pojos.Changedbaseflyline" />
        </set>
        <set name="TFlightexperiencerecordsForVLandpos" inverse="true">
            <key>
                <column name="v_landpos" length="50" />
            </key>
            <one-to-many class="com.cauc.training.pojos.TFlightexperiencerecord" />
        </set>
        <set name="TOtherflyrecordsForVLandpos" inverse="true">
            <key>
                <column name="v_landpos" length="50" />
            </key>
            <one-to-many class="com.cauc.training.pojos.TOtherflyrecord" />
        </set>
        <set name="THistoryrecordsForVLpos" inverse="true">
            <key>
                <column name="v_lpos" length="50" />
            </key>
            <one-to-many class="com.cauc.training.pojos.THistoryrecord" />
        </set>
        <set name="TFlyteachrecordsForVFlypos" inverse="true">
            <key>
                <column name="v_flypos" length="50" />
            </key>
            <one-to-many class="com.cauc.training.pojos.TFlyteachrecord" />
        </set>
        <set name="TTeacherflightexperiencerecordsForVFlypos" inverse="true">
            <key>
                <column name="v_flypos" length="50" />
            </key>
            <one-to-many class="com.cauc.training.pojos.TTeacherflightexperiencerecord" />
        </set>
        <set name="TTeacherpaytimesForVLandpos" inverse="true">
            <key>
                <column name="v_landpos" length="50" />
            </key>
            <one-to-many class="com.cauc.training.pojos.TTeacherpaytime" />
        </set>
        <set name="TTeacherpaytimesForVFlypos" inverse="true">
            <key>
                <column name="v_flypos" length="50" />
            </key>
            <one-to-many class="com.cauc.training.pojos.TTeacherpaytime" />
        </set>
        <set name="TFlightexperiencerecordsForVFlypos" inverse="true">
            <key>
                <column name="v_flypos" length="50" />
            </key>
            <one-to-many class="com.cauc.training.pojos.TFlightexperiencerecord" />
        </set>
        <set name="TFlyteachrecordsForVLandpos" inverse="true">
            <key>
                <column name="v_landpos" length="50" />
            </key>
            <one-to-many class="com.cauc.training.pojos.TFlyteachrecord" />
        </set>
        <set name="TFlyreportsForVFlypos" inverse="true">
            <key>
                <column name="v_flypos" length="50" />
            </key>
            <one-to-many class="com.cauc.training.pojos.TFlyreport" />
        </set>
        <set name="TExperiencerecordEditsForVLandpos" inverse="true">
            <key>
                <column name="v_landpos" length="50" />
            </key>
            <one-to-many class="com.cauc.training.pojos.TExperiencerecordEdit" />
        </set>
        <set name="TOtherflyrecordsForVFlypos" inverse="true">
            <key>
                <column name="v_flypos" length="50" />
            </key>
            <one-to-many class="com.cauc.training.pojos.TOtherflyrecord" />
        </set>
        <set name="THistoryrecordsForVFpos" inverse="true">
            <key>
                <column name="v_fpos" length="50" />
            </key>
            <one-to-many class="com.cauc.training.pojos.THistoryrecord" />
        </set>
        <set name="TTeacherflightexperiencerecordsForVLandpos" inverse="true">
            <key>
                <column name="v_landpos" length="50" />
            </key>
            <one-to-many class="com.cauc.training.pojos.TTeacherflightexperiencerecord" />
        </set>
        <set name="TFlightTrainingrecordsForVFpos" inverse="true">
            <key>
                <column name="v_fpos" length="50" />
            </key>
            <one-to-many class="com.cauc.training.pojos.TFlightTrainingrecord" />
        </set>
        <set name="TFlyreportsForVLandpos" inverse="true">
            <key>
                <column name="v_landpos" length="50" />
            </key>
            <one-to-many class="com.cauc.training.pojos.TFlyreport" />
        </set>
        <set name="TExperiencerecordEditsForVFlypos" inverse="true">
            <key>
                <column name="v_flypos" length="50" />
            </key>
            <one-to-many class="com.cauc.training.pojos.TExperiencerecordEdit" />
        </set>
        <set name="TTrainingLessonsForVStartpos" inverse="true">
            <key>
                <column name="v_startpos" length="50" />
            </key>
            <one-to-many class="com.cauc.training.pojos.TTrainingLesson" />
        </set>
        <set name="TTrainingLessonsForVEndpos" inverse="true">
            <key>
                <column name="v_endpos" length="50" />
            </key>
            <one-to-many class="com.cauc.training.pojos.TTrainingLesson" />
        </set>
        <set name="changedbaseflylinesForStartStationid" inverse="true">
            <key>
                <column name="startStationid" length="50" />
            </key>
            <one-to-many class="com.cauc.training.pojos.Changedbaseflyline" />
        </set>
        <set name="TFlightTrainingrecordsForVJtpos" inverse="true">
            <key>
                <column name="v_jtpos" length="50" />
            </key>
            <one-to-many class="com.cauc.training.pojos.TFlightTrainingrecord" />
        </set>
        <set name="TFlightTrainingrecordsForVLpos" inverse="true">
            <key>
                <column name="v_lpos" length="50" />
            </key>
            <one-to-many class="com.cauc.training.pojos.TFlightTrainingrecord" />
        </set>
    </class>
</hibernate-mapping>
