<?xml version="1.0" encoding="utf-8"?>
<!DOCTYPE hibernate-mapping PUBLIC "-//Hibernate/Hibernate Mapping DTD 3.0//EN"
"http://hibernate.sourceforge.net/hibernate-mapping-3.0.dtd">
<!-- 
    Mapping file autogenerated by MyEclipse Persistence Tools
-->
<hibernate-mapping>
    <class name="com.cauc.training.pojos.StudentLicensehistory" table="studentLicensehistory" schema="dbo" catalog="trainingRecord">
        <id name="VId" type="string">
            <column name="v_id" length="50" />
            <generator class="uuid.hex" />
        </id>
        <many-to-one name="TDiction" class="com.cauc.training.pojos.TDiction" fetch="select">
            <column name="v_level" length="50" />
        </many-to-one>
        <many-to-one name="studentLicense" class="com.cauc.training.pojos.StudentLicense" fetch="select">
            <column name="v_licenseid" length="50" />
        </many-to-one>
        <many-to-one name="TUser" class="com.cauc.training.pojos.TUser" fetch="select">
            <column name="v_createuserid" length="50" not-null="true" />
        </many-to-one>
        <many-to-one name="studentBaseInfo" class="com.cauc.training.pojos.StudentBaseInfo" fetch="select">
            <column name="v_stuid" length="50" />
        </many-to-one>
        <property name="VCardid" type="string">
            <column name="v_cardid" length="50" />
        </property>
        <property name="DEffectdate" type="timestamp">
            <column name="d_effectdate" length="23" />
        </property>
        <property name="VIssuer" type="string">
            <column name="v_issuer" length="20" />
        </property>
        <property name="VCompany" type="string">
            <column name="v_company" length="100" />
        </property>
        <property name="DIssuetime" type="timestamp">
            <column name="d_issuetime" length="23" />
        </property>
        <property name="DUpdatedate" type="timestamp">
            <column name="d_updatedate" length="23" />
        </property>
        <property name="VZhizhaoxingzhi" type="string">
            <column name="v_zhizhaoxingzhi" length="50" />
        </property>
        <property name="VZhizhaodengji" type="string">
            <column name="v_zhizhaodengji" length="100" />
        </property>
        <property name="VHangkongqileibie" type="string">
            <column name="v_hangkongqileibie" length="200" />
        </property>
        <property name="VXuanzhuanjijibie" type="string">
            <column name="V_xuanzhuanjijibie" length="200" />
        </property>
        <property name="VFeijijibie" type="string">
            <column name="v_feijijibie" length="500" />
        </property>
        <property name="VHkqdj" type="string">
            <column name="v_hkqdj" length="500" />
        </property>
        <property name="VBeizhu" type="string">
            <column name="v_beizhu" length="200" />
        </property>
        <property name="DLastchecktime" type="timestamp">
            <column name="d_lastchecktime" length="23" />
        </property>
        <property name="DChecktime" type="timestamp">
            <column name="d_checktime" length="23" />
        </property>
        <property name="DExamtime" type="timestamp">
            <column name="d_examtime" length="23" />
        </property>
        <property name="DNextchecktime" type="timestamp">
            <column name="d_nextchecktime" length="23" />
        </property>
        <property name="DCreatedate" type="timestamp">
            <column name="d_createdate" length="23" not-null="true" />
        </property>
        <set name="studentLicenseskilledchecks" inverse="true">
            <key>
                <column name="v_upgradeid" length="50" />
            </key>
            <one-to-many class="com.cauc.training.pojos.StudentLicenseskilledcheck" />
        </set>
    </class>
</hibernate-mapping>
