<?xml version="1.0" encoding="utf-8"?>
<!DOCTYPE hibernate-mapping PUBLIC "-//Hibernate/Hibernate Mapping DTD 3.0//EN"
"http://hibernate.sourceforge.net/hibernate-mapping-3.0.dtd">
<!-- 
    Mapping file autogenerated by MyEclipse Persistence Tools
-->
<hibernate-mapping>
    <class name="com.cauc.training.pojos.StudentBaseInfo" table="studentBaseInfo" schema="dbo" catalog="trainingRecord">
        <id name="VId" type="string">
            <column name="v_id" length="50" />
            <generator class="uuid.hex" />
        </id>
        <many-to-one name="TDictionByVWhcd" class="com.cauc.training.pojos.TDiction" fetch="select">
            <column name="V_whcd" length="50" />
        </many-to-one>
        <many-to-one name="TDictionByVFreeTypeid" class="com.cauc.training.pojos.TDiction" fetch="select">
            <column name="V_freeTypeid" length="50" />
        </many-to-one>
        <many-to-one name="TDictionByVXjStatusid" class="com.cauc.training.pojos.TDiction" fetch="select">
            <column name="V_xjStatusid" length="50" />
        </many-to-one>
        <many-to-one name="TUser" class="com.cauc.training.pojos.TUser" fetch="select">
            <column name="v_createuserid" length="50" not-null="true" />
        </many-to-one>
        <many-to-one name="TDictionByVNationid" class="com.cauc.training.pojos.TDiction" fetch="select">
            <column name="V_nationid" length="50" />
        </many-to-one>
        <many-to-one name="TDictionByVFormid" class="com.cauc.training.pojos.TDiction" fetch="select">
            <column name="V_formid" length="50" />
        </many-to-one>
        <many-to-one name="TDictionByVStuStatusid" class="com.cauc.training.pojos.TDiction" fetch="select">
            <column name="V_stuStatusid" length="50" />
        </many-to-one>
        <many-to-one name="TDictionByVStuTypeid" class="com.cauc.training.pojos.TDiction" fetch="select">
            <column name="V_stuTypeid" length="50" />
        </many-to-one>
        <many-to-one name="TOrg" class="com.cauc.training.pojos.TOrg" fetch="select">
            <column name="V_companyid" length="50" />
        </many-to-one>
        <property name="VCode" type="string">
            <column name="v_code" length="20" not-null="true" unique="true" />
        </property>
        <property name="VName" type="string">
            <column name="v_name" length="20" not-null="true" />
        </property>
        <property name="VCardid" type="string">
            <column name="v_cardid" length="20" />
        </property>
        <property name="VClassNoid" type="string">
            <column name="V_classNoid" length="50" />
        </property>
        <property name="VGender" type="string">
            <column name="V_gender" length="10" />
        </property>
        <property name="DBirthday" type="timestamp">
            <column name="d_birthday" length="23" />
        </property>
        <property name="VSyd" type="string">
            <column name="V_syd" length="200" />
        </property>
        <property name="DRxsj" type="timestamp">
            <column name="D_rxsj" length="23" />
        </property>
        <property name="DLxsj" type="timestamp">
            <column name="D_lxsj" length="23" />
        </property>
        <property name="ITjexam" type="integer">
            <column name="i_tjexam" />
        </property>
        <property name="DCreatedate" type="timestamp">
            <column name="d_createdate" length="23" not-null="true" />
        </property>
        <property name="VJtzz" type="string">
            <column name="V_jtzz" length="200" />
        </property>
        <property name="VZzmm" type="string">
            <column name="V_zzmm" length="50" />
        </property>
        <property name="VByyx" type="string">
            <column name="v_byyx" length="200" />
        </property>
        <property name="VEnlevel" type="string">
            <column name="V_enlevel" length="50" />
        </property>
        <property name="VZy" type="string">
            <column name="V_zy" length="100" />
        </property>
        <property name="VXlxz" type="string">
            <column name="V_xlxz" length="200" />
        </property>
        <property name="VXxlx" type="string">
            <column name="V_xxlx" length="100" />
        </property>
        <property name="VLxfs" type="string">
            <column name="V_lxfs" length="200" />
        </property>
        <property name="VJg" type="string">
            <column name="V_jg" length="200" />
        </property>
        <property name="DBysj" type="timestamp">
            <column name="D_bysj" length="23" />
        </property>
        <property name="openStatus" type="integer">
            <column name="openStatus" />
        </property>
        <property name="IUsertype" type="integer">
            <column name="i_usertype" />
        </property>
        <property name="DTjexamdate" type="timestamp">
            <column name="d_tjexamdate" length="23" />
        </property>
        <property name="photo" type="string">
            <column name="photo" length="200" />
        </property>
        <set name="TStuchangedteachers" inverse="true">
            <key>
                <column name="v_stuid" length="50" />
            </key>
            <one-to-many class="com.cauc.training.pojos.TStuchangedteacher" />
        </set>
        <set name="practiceTests" inverse="true">
            <key>
                <column name="v_stuid" length="50" />
            </key>
            <one-to-many class="com.cauc.training.pojos.PracticeTest" />
        </set>
        <set name="TGntrainbackschools" inverse="true">
            <key>
                <column name="v_stuid" length="50" />
            </key>
            <one-to-many class="com.cauc.training.pojos.TGntrainbackschool" />
        </set>
        <set name="TStuassignteachers" inverse="true">
            <key>
                <column name="v_stuid" length="50" />
            </key>
            <one-to-many class="com.cauc.training.pojos.TStuassignteacher" />
        </set>
        <set name="THistoryrecords" inverse="true">
            <key>
                <column name="v_flyStuId" length="50" />
            </key>
            <one-to-many class="com.cauc.training.pojos.THistoryrecord" />
        </set>
        <set name="TGnchangedgws" inverse="true">
            <key>
                <column name="v_stuid" length="50" />
            </key>
            <one-to-many class="com.cauc.training.pojos.TGnchangedgw" />
        </set>
        <set name="TDgdistributions" inverse="true">
            <key>
                <column name="v_stuid" length="50" not-null="true" />
            </key>
            <one-to-many class="com.cauc.training.pojos.TDgdistribution" />
        </set>
        <set name="TChangedgroups" inverse="true">
            <key>
                <column name="v_stuid" length="50" />
            </key>
            <one-to-many class="com.cauc.training.pojos.TChangedgroup" />
        </set>
        <set name="TStuMedicals" inverse="true">
            <key>
                <column name="V_stuid" length="50" />
            </key>
            <one-to-many class="com.cauc.training.pojos.TStuMedical" />
        </set>
        <set name="TChangedbases" inverse="true">
            <key>
                <column name="v_stuid" length="50" />
            </key>
            <one-to-many class="com.cauc.training.pojos.TChangedbase" />
        </set>
        <set name="TFlyreports" inverse="true">
            <key>
                <column name="v_stuid" length="50" />
            </key>
            <one-to-many class="com.cauc.training.pojos.TFlyreport" />
        </set>
        <set name="TScores" inverse="true">
            <key>
                <column name="V_stuid" length="50" />
            </key>
            <one-to-many class="com.cauc.training.pojos.TScore" />
        </set>
        <set name="addHoursAndAddLessons" inverse="true">
            <key>
                <column name="v_stuid" length="50" />
            </key>
            <one-to-many class="com.cauc.training.pojos.AddHoursAndAddLesson" />
        </set>
        <set name="trainingPlanes" inverse="true">
            <key>
                <column name="v_stuid" length="50" />
            </key>
            <one-to-many class="com.cauc.training.pojos.TrainingPlane" />
        </set>
        <set name="recommendStudentLicenseExams" inverse="true">
            <key>
                <column name="v_stuid" length="50" />
            </key>
            <one-to-many class="com.cauc.training.pojos.RecommendStudentLicenseExam" />
        </set>
        <set name="studentDistributionClasses" inverse="true">
            <key>
                <column name="v_stuid" length="50" />
            </key>
            <one-to-many class="com.cauc.training.pojos.StudentDistributionClass" />
        </set>
        <set name="graduationStudentAssigns" inverse="true">
            <key>
                <column name="v_stuid" length="50" />
            </key>
            <one-to-many class="com.cauc.training.pojos.GraduationStudentAssign" />
        </set>
        <set name="TLessonFitChecks" inverse="true">
            <key>
                <column name="v_stuid" length="50" />
            </key>
            <one-to-many class="com.cauc.training.pojos.TLessonFitCheck" />
        </set>
        <set name="graduationDesigns" inverse="true">
            <key>
                <column name="v_stuid" length="50" not-null="true" />
            </key>
            <one-to-many class="com.cauc.training.pojos.GraduationDesign" />
        </set>
        <set name="TSchoolchangedbases" inverse="true">
            <key>
                <column name="v_stuid" length="50" />
            </key>
            <one-to-many class="com.cauc.training.pojos.TSchoolchangedbase" />
        </set>
        <set name="TStuassignbases" inverse="true">
            <key>
                <column name="v_stuid" length="50" />
            </key>
            <one-to-many class="com.cauc.training.pojos.TStuassignbase" />
        </set>
        <set name="studentassignschools" inverse="true">
            <key>
                <column name="v_stuid" length="50" />
            </key>
            <one-to-many class="com.cauc.training.pojos.Studentassignschool" />
        </set>
        <set name="TChangedoutlines" inverse="true">
            <key>
                <column name="v_stuid" length="50" />
            </key>
            <one-to-many class="com.cauc.training.pojos.TChangedoutline" />
        </set>
        <set name="TStustopflies" inverse="true">
            <key>
                <column name="v_stuid" length="50" />
            </key>
            <one-to-many class="com.cauc.training.pojos.TStustopfly" />
        </set>
        <set name="studentstatuschanges" inverse="true">
            <key>
                <column name="v_studentid" length="50" />
            </key>
            <one-to-many class="com.cauc.training.pojos.Studentstatuschange" />
        </set>
        <set name="licenseTheoryTests" inverse="true">
            <key>
                <column name="v_stuId" length="50" />
            </key>
            <one-to-many class="com.cauc.training.pojos.LicenseTheoryTest" />
        </set>
        <set name="TFlightTrainingrecords" inverse="true">
            <key>
                <column name="v_flyStuId" length="50" />
            </key>
            <one-to-many class="com.cauc.training.pojos.TFlightTrainingrecord" />
        </set>
        <set name="studentLicenses" inverse="true">
            <key>
                <column name="v_stuid" length="50" />
            </key>
            <one-to-many class="com.cauc.training.pojos.StudentLicense" />
        </set>
        <set name="changecompanies" inverse="true">
            <key>
                <column name="v_stuid" length="50" />
            </key>
            <one-to-many class="com.cauc.training.pojos.Changecompany" />
        </set>
        <set name="newworkerandchangetrains" inverse="true">
            <key>
                <column name="v_stuid" length="50" />
            </key>
            <one-to-many class="com.cauc.training.pojos.Newworkerandchangetrain" />
        </set>
        <set name="TSendqualificationreviews" inverse="true">
            <key>
                <column name="v_stuid" length="50" />
            </key>
            <one-to-many class="com.cauc.training.pojos.TSendqualificationreview" />
        </set>
        <set name="TStuStatuses" inverse="true">
            <key>
                <column name="v_studentid" length="50" />
            </key>
            <one-to-many class="com.cauc.training.pojos.TStuStatus" />
        </set>
        <set name="TStuMedicalhistories" inverse="true">
            <key>
                <column name="V_stuid" length="50" />
            </key>
            <one-to-many class="com.cauc.training.pojos.TStuMedicalhistory" />
        </set>
        <set name="TStuassigngroups" inverse="true">
            <key>
                <column name="v_stuid" length="50" />
            </key>
            <one-to-many class="com.cauc.training.pojos.TStuassigngroup" />
        </set>
        <set name="studentLicensehistories" inverse="true">
            <key>
                <column name="v_stuid" length="50" />
            </key>
            <one-to-many class="com.cauc.training.pojos.StudentLicensehistory" />
        </set>
        <set name="TOffschools" inverse="true">
            <key>
                <column name="v_stuid" length="50" />
            </key>
            <one-to-many class="com.cauc.training.pojos.TOffschool" />
        </set>
    </class>
</hibernate-mapping>
