<?xml version="1.0" encoding="utf-8"?>
<!DOCTYPE hibernate-mapping PUBLIC "-//Hibernate/Hibernate Mapping DTD 3.0//EN"
"http://hibernate.sourceforge.net/hibernate-mapping-3.0.dtd">
<!-- 
    Mapping file autogenerated by MyEclipse Persistence Tools
-->
<hibernate-mapping>
    <class name="com.cauc.training.pojos.Sysdiagrams" table="sysdiagrams" schema="dbo" catalog="trainingRecord">
        <id name="diagramId" type="integer">
            <column name="diagram_id" />
            <generator class="uuid.hex" />
        </id>
        <property name="name" type="string">
            <column name="name" length="128" not-null="true" />
        </property>
        <property name="principalId" type="integer">
            <column name="principal_id" not-null="true" />
        </property>
        <property name="version" type="integer">
            <column name="version" />
        </property>
        <property name="definition" type="blob">
            <column name="definition" />
        </property>
    </class>
</hibernate-mapping>
