<?xml version="1.0" encoding="utf-8"?>
<!DOCTYPE hibernate-mapping PUBLIC "-//Hibernate/Hibernate Mapping DTD 3.0//EN"
"http://hibernate.sourceforge.net/hibernate-mapping-3.0.dtd">
<!-- 
    Mapping file autogenerated by MyEclipse Persistence Tools
-->
<hibernate-mapping>
    <class name="com.cauc.training.pojos.TAbroadtrain" table="t_abroadtrain" schema="dbo" catalog="trainingRecord">
        <id name="VId" type="string">
            <column name="v_id" length="50" />
            <generator class="uuid.hex" />
        </id>
        <many-to-one name="studentassignschool" class="com.cauc.training.pojos.Studentassignschool" fetch="select">
            <column name="v_assignid" length="50" />
        </many-to-one>
        <many-to-one name="TUser" class="com.cauc.training.pojos.TUser" fetch="select">
            <column name="v_createuserid" length="50" not-null="true" />
        </many-to-one>
        <property name="DCgtime" type="timestamp">
            <column name="d_cgtime" length="23" />
        </property>
        <property name="DHgtime" type="timestamp">
            <column name="d_hgtime" length="23" />
        </property>
        <property name="DStopflyaudittime" type="timestamp">
            <column name="d_stopflyaudittime" length="23" />
        </property>
        <property name="DStopflytime" type="timestamp">
            <column name="d_stopflytime" length="23" />
        </property>
        <property name="VReason" type="string">
            <column name="v_reason" length="400" />
        </property>
        <property name="DBkschool" type="timestamp">
            <column name="d_bkschool" length="23" />
        </property>
        <property name="IStatus" type="integer">
            <column name="i_status" />
        </property>
        <property name="DCreatedate" type="timestamp">
            <column name="d_createdate" length="23" not-null="true" />
        </property>
    </class>
</hibernate-mapping>
