<?xml version="1.0" encoding="utf-8"?>
<!DOCTYPE hibernate-mapping PUBLIC "-//Hibernate/Hibernate Mapping DTD 3.0//EN"
"http://hibernate.sourceforge.net/hibernate-mapping-3.0.dtd">
<!-- 
    Mapping file autogenerated by MyEclipse Persistence Tools
-->
<hibernate-mapping>
    <class name="com.cauc.training.pojos.TAbroadaviationschool" table="t_abroadaviationschool" schema="dbo" catalog="trainingRecord">
        <id name="VId" type="string">
            <column name="v_id" length="50" />
            <generator class="uuid.hex" />
        </id>
        <many-to-one name="TUser" class="com.cauc.training.pojos.TUser" fetch="select">
            <column name="v_createuserid" length="50" not-null="true" />
        </many-to-one>
        <property name="VSchoolname" type="string">
            <column name="v_schoolname" length="200" />
        </property>
        <property name="VIntroduction" type="string">
            <column name="v_introduction" length="200" />
        </property>
        <property name="DCreatedate" type="timestamp">
            <column name="d_createdate" length="23" not-null="true" />
        </property>
        <property name="VCountry" type="string">
            <column name="v_country" length="100" />
        </property>
        <property name="VAddress" type="string">
            <column name="v_address" length="100" />
        </property>
        <property name="VWeb" type="string">
            <column name="v_web" length="100" />
        </property>
        <property name="VCode" type="string">
            <column name="v_code" length="100" />
        </property>
        <property name="DEffectdate" type="timestamp">
            <column name="d_effectdate" length="23" />
        </property>
        <set name="studentassignschools" inverse="true">
            <key>
                <column name="v_school" length="50" />
            </key>
            <one-to-many class="com.cauc.training.pojos.Studentassignschool" />
        </set>
    </class>
</hibernate-mapping>
