<?xml version="1.0" encoding="utf-8"?>
<!DOCTYPE hibernate-mapping PUBLIC "-//Hibernate/Hibernate Mapping DTD 3.0//EN"
"http://hibernate.sourceforge.net/hibernate-mapping-3.0.dtd">
<!-- 
    Mapping file autogenerated by MyEclipse Persistence Tools
-->
<hibernate-mapping>
    <class name="com.cauc.training.pojos.TAppeal" table="t_appeal" schema="dbo" catalog="trainingRecord">
        <id name="VId" type="string">
            <column name="v_id" length="50" />
            <generator class="uuid.hex" />
        </id>
        <many-to-one name="TComment" class="com.cauc.training.pojos.TComment" fetch="select">
            <column name="v_commentid" length="50" />
        </many-to-one>
        <many-to-one name="TUserByVCreateuserid" class="com.cauc.training.pojos.TUser" fetch="select">
            <column name="v_createuserid" length="50" not-null="true" />
        </many-to-one>
        <many-to-one name="TUserByVDowithuserid" class="com.cauc.training.pojos.TUser" fetch="select">
            <column name="v_dowithuserid" length="50" />
        </many-to-one>
        <property name="VReason" type="string">
            <column name="v_reason" length="400" />
        </property>
        <property name="DCreatedate" type="timestamp">
            <column name="d_createdate" length="23" not-null="true" />
        </property>
        <property name="VResult" type="string">
            <column name="v_result" length="200" />
        </property>
        <property name="DDowithtime" type="timestamp">
            <column name="d_dowithtime" length="23" />
        </property>
        <property name="IStatus" type="integer">
            <column name="i_status" />
        </property>
    </class>
</hibernate-mapping>
