<?xml version="1.0" encoding="utf-8"?>
<!DOCTYPE hibernate-mapping PUBLIC "-//Hibernate/Hibernate Mapping DTD 3.0//EN"
"http://hibernate.sourceforge.net/hibernate-mapping-3.0.dtd">
<!-- 
    Mapping file autogenerated by MyEclipse Persistence Tools
-->
<hibernate-mapping>
    <class name="com.cauc.training.pojos.TChangedoutline" table="t_changedoutline" schema="dbo" catalog="trainingRecord">
        <id name="VId" type="string">
            <column name="v_id" length="50" />
            <generator class="uuid.hex" />
        </id>
        <many-to-one name="TOutlineByVOlddgid" class="com.cauc.training.pojos.TOutline" fetch="select">
            <column name="v_olddgid" length="50" />
        </many-to-one>
        <many-to-one name="TOutlineByVNewdgid" class="com.cauc.training.pojos.TOutline" fetch="select">
            <column name="v_newdgid" length="50" />
        </many-to-one>
        <many-to-one name="TUser" class="com.cauc.training.pojos.TUser" fetch="select">
            <column name="v_createuserid" length="50" not-null="true" />
        </many-to-one>
        <many-to-one name="studentBaseInfo" class="com.cauc.training.pojos.StudentBaseInfo" fetch="select">
            <column name="v_stuid" length="50" />
        </many-to-one>
        <property name="DChangeddate" type="timestamp">
            <column name="d_changeddate" length="23" />
        </property>
        <property name="DCreatedate" type="timestamp">
            <column name="d_createdate" length="23" not-null="true" />
        </property>
        <property name="ICycle" type="integer">
            <column name="i_cycle" />
        </property>
        <property name="IType" type="integer">
            <column name="i_type" />
        </property>
        <property name="VContact" type="string">
            <column name="v_contact" length="50" />
        </property>
    </class>
</hibernate-mapping>
