<?xml version="1.0" encoding="utf-8"?>
<!DOCTYPE hibernate-mapping PUBLIC "-//Hibernate/Hibernate Mapping DTD 3.0//EN"
"http://hibernate.sourceforge.net/hibernate-mapping-3.0.dtd">
<!-- 
    Mapping file autogenerated by MyEclipse Persistence Tools
-->
<hibernate-mapping>
    <class name="com.cauc.training.pojos.TComment" table="t_comment" schema="dbo" catalog="trainingRecord">
        <id name="VId" type="string">
            <column name="v_id" length="50" />
            <generator class="uuid.hex" />
        </id>
        <many-to-one name="TUser" class="com.cauc.training.pojos.TUser" fetch="select">
            <column name="v_createuserid" length="50" not-null="true" />
        </many-to-one>
        <many-to-one name="TFlightTrainingrecord" class="com.cauc.training.pojos.TFlightTrainingrecord" fetch="select">
            <column name="v_traningId" length="50" not-null="true" />
        </many-to-one>
        <property name="VComment" type="string">
            <column name="v_comment" length="400" not-null="true" />
        </property>
        <property name="DCreatedate" type="timestamp">
            <column name="d_createdate" length="23" not-null="true" />
        </property>
        <property name="IStatus" type="integer">
            <column name="i_status" not-null="true" />
        </property>
        <property name="VJishu" type="string">
            <column name="v_jishu" length="400" />
        </property>
        <property name="VZongjie" type="string">
            <column name="v_zongjie" length="400" />
        </property>
        <property name="IPass" type="integer">
            <column name="i_pass" />
        </property>
        <property name="VCheckcomment" type="string">
            <column name="v_checkcomment" length="600" />
        </property>
        <property name="IZpzb" type="integer">
            <column name="i_zpzb" />
        </property>
        <property name="IZpjs" type="integer">
            <column name="i_zpjs" />
        </property>
        <property name="IZp" type="integer">
            <column name="i_zp" />
        </property>
        <set name="TAppeals" inverse="true">
            <key>
                <column name="v_commentid" length="50" />
            </key>
            <one-to-many class="com.cauc.training.pojos.TAppeal" />
        </set>
    </class>
</hibernate-mapping>
