<?xml version="1.0" encoding="utf-8"?>
<!DOCTYPE hibernate-mapping PUBLIC "-//Hibernate/Hibernate Mapping DTD 3.0//EN"
"http://hibernate.sourceforge.net/hibernate-mapping-3.0.dtd">
<!-- 
    Mapping file autogenerated by MyEclipse Persistence Tools
-->
<hibernate-mapping>
    <class name="com.cauc.training.pojos.TContractUser" table="t_contract_user" schema="dbo" catalog="trainingRecord">
        <id name="VId" type="string">
            <column name="V_ID" length="32" />
            <generator class="uuid.hex" />
        </id>
        <property name="VNo" type="string">
            <column name="V_NO" length="50"/>
        </property>
        <property name="VName" type="string">
            <column name="V_NAME" length="50"/>
        </property>
        <property name="VRole" type="string">
            <column name="V_ROLE" length="50"/>
        </property>
        <property name="VDelFlg" type="string">
            <column name="V_DEL_FLG" length="1"/>
        </property>
    </class>
</hibernate-mapping>
