<?xml version="1.0" encoding="utf-8"?>
<!DOCTYPE hibernate-mapping PUBLIC "-//Hibernate/Hibernate Mapping DTD 3.0//EN"
"http://hibernate.sourceforge.net/hibernate-mapping-3.0.dtd">
<!-- 
    Mapping file autogenerated by MyEclipse Persistence Tools
-->
<hibernate-mapping>
    <class name="com.cauc.training.pojos.TDiction" table="t_diction" schema="dbo" catalog="trainingRecord">
        <id name="VId" type="string">
            <column name="v_id" length="50" />
            <generator class="uuid.hex" />
        </id>
        <many-to-one name="TDictype" class="com.cauc.training.pojos.TDictype" fetch="select">
            <column name="v_typeid" length="50" not-null="true" />
        </many-to-one>
        <many-to-one name="TUser" class="com.cauc.training.pojos.TUser" fetch="select">
            <column name="v_createuserid" length="50" not-null="true" />
        </many-to-one>
        <property name="VName" type="string">
            <column name="v_name" length="50" not-null="true" />
        </property>
        <property name="DCreatedate" type="timestamp">
            <column name="d_createdate" length="23" not-null="true" />
        </property>
        <set name="TStuStatusesForVNewstatusid" inverse="true">
            <key>
                <column name="v_newstatusid" length="50" />
            </key>
            <one-to-many class="com.cauc.training.pojos.TStuStatus" />
        </set>
        <set name="studentAndstautsRelationsForVStuStatusid" inverse="true">
            <key>
                <column name="v_stuStatusid" length="50" />
            </key>
            <one-to-many class="com.cauc.training.pojos.StudentAndstautsRelation" />
        </set>
        <set name="TTeacherflightexperiencerecords" inverse="true">
            <key>
                <column name="v_flytype" length="50" />
            </key>
            <one-to-many class="com.cauc.training.pojos.TTeacherflightexperiencerecord" />
        </set>
        <set name="studentLicenses" inverse="true">
            <key>
                <column name="v_level" length="50" />
            </key>
            <one-to-many class="com.cauc.training.pojos.StudentLicense" />
        </set>
        <set name="TFlightTrainingrecords" inverse="true">
            <key>
                <column name="v_flytype" length="50" />
            </key>
            <one-to-many class="com.cauc.training.pojos.TFlightTrainingrecord" />
        </set>
        <set name="TFlyteachrecords" inverse="true">
            <key>
                <column name="v_flytype" length="50" />
            </key>
            <one-to-many class="com.cauc.training.pojos.TFlyteachrecord" />
        </set>
        <set name="TTimesubjects" inverse="true">
            <key>
                <column name="v_group" length="50" not-null="true" />
            </key>
            <one-to-many class="com.cauc.training.pojos.TTimesubject" />
        </set>
        <set name="TTeacherpaytimes" inverse="true">
            <key>
                <column name="v_flytype" length="50" />
            </key>
            <one-to-many class="com.cauc.training.pojos.TTeacherpaytime" />
        </set>
        <set name="studentstatuschangesForVOldStatusid" inverse="true">
            <key>
                <column name="V_oldStatusid" length="50" not-null="true" />
            </key>
            <one-to-many class="com.cauc.training.pojos.Studentstatuschange" />
        </set>
        <set name="TExperiencerecordEdits" inverse="true">
            <key>
                <column name="v_flytype" length="50" />
            </key>
            <one-to-many class="com.cauc.training.pojos.TExperiencerecordEdit" />
        </set>
        <set name="teacherBaseInfosForVFlytype" inverse="true">
            <key>
                <column name="v_flytype" length="50" />
            </key>
            <one-to-many class="com.cauc.training.pojos.TeacherBaseInfo" />
        </set>
        <set name="studentBaseInfosForVNationid" inverse="true">
            <key>
                <column name="V_nationid" length="50" />
            </key>
            <one-to-many class="com.cauc.training.pojos.StudentBaseInfo" />
        </set>
        <set name="studentstatuschangesForVNewstatusid" inverse="true">
            <key>
                <column name="v_newstatusid" length="50" />
            </key>
            <one-to-many class="com.cauc.training.pojos.Studentstatuschange" />
        </set>
        <set name="teacherBaseInfosForVTecdengji" inverse="true">
            <key>
                <column name="v_tecdengji" length="50" />
            </key>
            <one-to-many class="com.cauc.training.pojos.TeacherBaseInfo" />
        </set>
        <set name="teacherBaseInfosForVGeneraltype" inverse="true">
            <key>
                <column name="v_generaltype" length="50" />
            </key>
            <one-to-many class="com.cauc.training.pojos.TeacherBaseInfo" />
        </set>
        <set name="teacherBaseInfosForVFlyform" inverse="true">
            <key>
                <column name="v_flyform" length="50" />
            </key>
            <one-to-many class="com.cauc.training.pojos.TeacherBaseInfo" />
        </set>
        <set name="studentAndstautsRelationsForVStudentid" inverse="true">
            <key>
                <column name="v_studentid" length="50" />
            </key>
            <one-to-many class="com.cauc.training.pojos.StudentAndstautsRelation" />
        </set>
        <set name="teacherBaseInfosForVWhcd" inverse="true">
            <key>
                <column name="v_whcd" length="50" />
            </key>
            <one-to-many class="com.cauc.training.pojos.TeacherBaseInfo" />
        </set>
        <set name="teacherBaseInfosForVMz" inverse="true">
            <key>
                <column name="v_mz" length="50" />
            </key>
            <one-to-many class="com.cauc.training.pojos.TeacherBaseInfo" />
        </set>
        <set name="TOtherflyrecords" inverse="true">
            <key>
                <column name="v_flytype" length="50" />
            </key>
            <one-to-many class="com.cauc.training.pojos.TOtherflyrecord" />
        </set>
        <set name="studentBaseInfosForVStuTypeid" inverse="true">
            <key>
                <column name="V_stuTypeid" length="50" />
            </key>
            <one-to-many class="com.cauc.training.pojos.StudentBaseInfo" />
        </set>
        <set name="TFlightexperiencerecords" inverse="true">
            <key>
                <column name="v_flytype" length="50" />
            </key>
            <one-to-many class="com.cauc.training.pojos.TFlightexperiencerecord" />
        </set>
        <set name="studentBaseInfosForVXjStatusid" inverse="true">
            <key>
                <column name="V_xjStatusid" length="50" />
            </key>
            <one-to-many class="com.cauc.training.pojos.StudentBaseInfo" />
        </set>
        <set name="studentBaseInfosForVStuStatusid" inverse="true">
            <key>
                <column name="V_stuStatusid" length="50" />
            </key>
            <one-to-many class="com.cauc.training.pojos.StudentBaseInfo" />
        </set>
        <set name="THistoryrecords" inverse="true">
            <key>
                <column name="v_flytype" length="50" />
            </key>
            <one-to-many class="com.cauc.training.pojos.THistoryrecord" />
        </set>
        <set name="studentBaseInfosForVFormid" inverse="true">
            <key>
                <column name="V_formid" length="50" />
            </key>
            <one-to-many class="com.cauc.training.pojos.StudentBaseInfo" />
        </set>
        <set name="studentLicensehistories" inverse="true">
            <key>
                <column name="v_level" length="50" />
            </key>
            <one-to-many class="com.cauc.training.pojos.StudentLicensehistory" />
        </set>
        <set name="studentBaseInfosForVWhcd" inverse="true">
            <key>
                <column name="V_whcd" length="50" />
            </key>
            <one-to-many class="com.cauc.training.pojos.StudentBaseInfo" />
        </set>
        <set name="TSchoolchangedbases" inverse="true">
            <key>
                <column name="v_oldBase" length="50" />
            </key>
            <one-to-many class="com.cauc.training.pojos.TSchoolchangedbase" />
        </set>
        <set name="studentBaseInfosForVFreeTypeid" inverse="true">
            <key>
                <column name="V_freeTypeid" length="50" />
            </key>
            <one-to-many class="com.cauc.training.pojos.StudentBaseInfo" />
        </set>
        <set name="TStuStatusesForVOldstatusid" inverse="true">
            <key>
                <column name="V_oldstatusid" length="50" />
            </key>
            <one-to-many class="com.cauc.training.pojos.TStuStatus" />
        </set>
    </class>
</hibernate-mapping>
