<?xml version="1.0" encoding="utf-8"?>
<!DOCTYPE hibernate-mapping PUBLIC "-//Hibernate/Hibernate Mapping DTD 3.0//EN"
"http://hibernate.sourceforge.net/hibernate-mapping-3.0.dtd">
<!-- 
    Mapping file autogenerated by MyEclipse Persistence Tools
-->
<hibernate-mapping>
    <class name="com.cauc.training.pojos.TDispatch" table="t_dispatch" schema="dbo" catalog="trainingRecord">
        <id name="VId" type="string">
            <column name="v_id" length="50" />
            <generator class="uuid.hex" />
        </id>
        <many-to-one name="teacherBaseInfo" class="com.cauc.training.pojos.TeacherBaseInfo" fetch="select">
            <column name="v_teacherid" length="50" />
        </many-to-one>
        <many-to-one name="TUser" class="com.cauc.training.pojos.TUser" fetch="select">
            <column name="V_createUserId" length="50" not-null="true" />
        </many-to-one>
        <many-to-one name="planeinfo" class="com.cauc.training.pojos.Planeinfo" fetch="select">
            <column name="v_planeid" length="50" />
        </many-to-one>
        <property name="DDispatchtime" type="timestamp">
            <column name="d_dispatchtime" length="23" />
        </property>
        <property name="DRecycletime" type="timestamp">
            <column name="d_recycletime" length="23" />
        </property>
        <property name="DCreateDate" type="timestamp">
            <column name="D_createDate" length="23" not-null="true" />
        </property>
        <property name="DFlytime" type="double">
            <column name="d_flytime" precision="20" />
        </property>
        <property name="ITimes" type="integer">
            <column name="i_times" />
        </property>
        <property name="DKongzhong" type="double">
            <column name="d_kongzhong" precision="20" />
        </property>
    </class>
</hibernate-mapping>
