<?xml version="1.0" encoding="utf-8"?>
<!DOCTYPE hibernate-mapping PUBLIC "-//Hibernate/Hibernate Mapping DTD 3.0//EN"
"http://hibernate.sourceforge.net/hibernate-mapping-3.0.dtd">
<!-- 
    Mapping file autogenerated by MyEclipse Persistence Tools
-->
<hibernate-mapping>
    <class name="com.cauc.training.pojos.TeacherLicenseupdate" table="teacherLicenseupdate" schema="dbo" catalog="trainingRecord">
        <id name="VId" type="string">
            <column name="v_id" length="50" />
            <generator class="uuid.hex" />
        </id>
        <many-to-one name="TTeaLicense" class="com.cauc.training.pojos.TTeaLicense" fetch="select">
            <column name="v_licenseid" length="50" />
        </many-to-one>
        <many-to-one name="TUser" class="com.cauc.training.pojos.TUser" fetch="select">
            <column name="v_createuserid" length="50" not-null="true" />
        </many-to-one>
        <many-to-one name="teacherBaseInfo" class="com.cauc.training.pojos.TeacherBaseInfo" fetch="select">
            <column name="v_teaid" length="50" />
        </many-to-one>
        <property name="VCardid" type="string">
            <column name="v_cardid" length="50" />
        </property>
        <property name="DEffectdate" type="timestamp">
            <column name="d_effectdate" length="23" />
        </property>
        <property name="VIssuer" type="string">
            <column name="v_issuer" length="20" />
        </property>
        <property name="VQfdw" type="string">
            <column name="v_qfdw" length="100" />
        </property>
        <property name="DQfsj" type="timestamp">
            <column name="d_qfsj" length="23" />
        </property>
        <property name="DUpdatedate" type="timestamp">
            <column name="d_updatedate" length="23" />
        </property>
        <property name="VDengji" type="string">
            <column name="v_dengji" length="500" />
        </property>
        <property name="VJyzzlx" type="string">
            <column name="v_jyzzlx" length="500" />
        </property>
        <property name="VZzlx" type="string">
            <column name="v_zzlx" length="500" />
        </property>
        <property name="VXingzhi" type="string">
            <column name="v_xingzhi" length="500" />
        </property>
        <property name="VYbdj" type="string">
            <column name="v_ybdj" length="500" />
        </property>
        <property name="VFjjbdj" type="string">
            <column name="v_fjjbdj" length="500" />
        </property>
        <property name="VHkqlb" type="string">
            <column name="v_hkqlb" length="500" />
        </property>
        <property name="DLastchecktime" type="timestamp">
            <column name="d_lastchecktime" length="23" />
        </property>
        <property name="DChecktime" type="timestamp">
            <column name="d_checktime" length="23" />
        </property>
        <property name="DExamtime" type="timestamp">
            <column name="d_examtime" length="23" />
        </property>
        <property name="DNextchecktime" type="timestamp">
            <column name="d_nextchecktime" length="23" />
        </property>
        <property name="DCreatedate" type="timestamp">
            <column name="d_createdate" length="23" not-null="true" />
        </property>
        <property name="VHkqdj" type="string">
            <column name="v_hkqdj" length="500" />
        </property>
        <property name="VXyjdj" type="string">
            <column name="v_xyjdj" length="500" />
        </property>
        <property name="VYszzdj" type="string">
            <column name="v_yszzdj" length="500" />
        </property>
        <property name="IHgz" type="integer">
            <column name="i_hgz" />
        </property>
        <property name="IJiankong" type="integer">
            <column name="i_jiankong" />
        </property>
        <set name="TTeaLicenseskilledchecks" inverse="true">
            <key>
                <column name="v_upgradeid" length="50" />
            </key>
            <one-to-many class="com.cauc.training.pojos.TTeaLicenseskilledcheck" />
        </set>
    </class>
</hibernate-mapping>
