<?xml version="1.0" encoding="utf-8"?>
<!DOCTYPE hibernate-mapping PUBLIC "-//Hibernate/Hibernate Mapping DTD 3.0//EN"
"http://hibernate.sourceforge.net/hibernate-mapping-3.0.dtd">
<!-- 
    Mapping file autogenerated by MyEclipse Persistence Tools
-->
<hibernate-mapping>
    <class name="com.cauc.training.pojos.TeacherBaseInfo" table="teacherBaseInfo" schema="dbo" catalog="trainingRecord">
        <id name="VId" type="string">
            <column name="v_id" length="50" />
            <generator class="uuid.hex" />
        </id>
        <many-to-one name="TDictionByVFlyform" class="com.cauc.training.pojos.TDiction" fetch="select">
            <column name="v_flyform" length="50" />
        </many-to-one>
        <many-to-one name="TDictionByVGeneraltype" class="com.cauc.training.pojos.TDiction" fetch="select">
            <column name="v_generaltype" length="50" />
        </many-to-one>
        <many-to-one name="TDictionByVFlytype" class="com.cauc.training.pojos.TDiction" fetch="select">
            <column name="v_flytype" length="50" />
        </many-to-one>
        <many-to-one name="TDictionByVWhcd" class="com.cauc.training.pojos.TDiction" fetch="select">
            <column name="v_whcd" length="50" />
        </many-to-one>
        <many-to-one name="TDictionByVMz" class="com.cauc.training.pojos.TDiction" fetch="select">
            <column name="v_mz" length="50" />
        </many-to-one>
        <many-to-one name="TUser" class="com.cauc.training.pojos.TUser" fetch="select">
            <column name="v_createuserid" length="50" not-null="true" />
        </many-to-one>
        <many-to-one name="TOrg" class="com.cauc.training.pojos.TOrg" fetch="select">
            <column name="v_orgid" length="50" />
        </many-to-one>
        <many-to-one name="TDictionByVTecdengji" class="com.cauc.training.pojos.TDiction" fetch="select">
            <column name="v_tecdengji" length="50" />
        </many-to-one>
        <property name="VName" type="string">
            <column name="v_name" length="50" not-null="true" />
        </property>
        <property name="VCode" type="string">
            <column name="v_code" length="50" unique="true" />
        </property>
        <property name="IExam" type="integer">
            <column name="i_exam" not-null="true" />
        </property>
        <property name="VSafedengji" type="string">
            <column name="v_safedengji" length="50" />
        </property>
        <property name="DRxrq" type="timestamp">
            <column name="d_rxrq" length="23" />
        </property>
        <property name="VSfz" type="string">
            <column name="v_sfz" length="50" />
        </property>
        <property name="VXb" type="string">
            <column name="v_xb" length="10" />
        </property>
        <property name="DCsrq" type="timestamp">
            <column name="d_csrq" length="23" />
        </property>
        <property name="VZzmm" type="string">
            <column name="v_zzmm" length="50" />
        </property>
        <property name="VLxfs" type="string">
            <column name="v_lxfs" length="200" />
        </property>
        <property name="VJg" type="string">
            <column name="v_jg" length="200" />
        </property>
        <property name="VJtzz" type="string">
            <column name="v_jtzz" length="200" />
        </property>
        <property name="DCreatedate" type="timestamp">
            <column name="d_createdate" length="23" not-null="true" />
        </property>
        <property name="VByyx" type="string">
            <column name="v_byyx" length="200" />
        </property>
        <property name="VZw" type="string">
            <column name="v_zw" length="100" />
        </property>
        <property name="VYysp" type="string">
            <column name="v_yysp" length="50" />
        </property>
        <property name="DMhyytgsj" type="timestamp">
            <column name="d_mhyytgsj" length="23" />
        </property>
        <property name="DCjgzsj" type="timestamp">
            <column name="d_cjgzsj" length="23" />
        </property>
        <property name="VSzdw" type="string">
            <column name="v_szdw" length="100" />
        </property>
        <property name="VSzdwzw" type="string">
            <column name="v_szdwzw" length="100" />
        </property>
        <property name="openStatus" type="integer">
            <column name="openStatus" />
        </property>
        <set name="TFlightTrainingrecordsForVMonitorteacherid" inverse="true">
            <key>
                <column name="v_monitorteacherid" length="50" />
            </key>
            <one-to-many class="com.cauc.training.pojos.TFlightTrainingrecord" />
        </set>
        <set name="TFlightTrainingrecordsForVTeacherid" inverse="true">
            <key>
                <column name="v_teacherid" length="50" />
            </key>
            <one-to-many class="com.cauc.training.pojos.TFlightTrainingrecord" />
        </set>
        <set name="TDispatchs" inverse="true">
            <key>
                <column name="v_teacherid" length="50" />
            </key>
            <one-to-many class="com.cauc.training.pojos.TDispatch" />
        </set>
        <set name="TTeacherdgdistributions" inverse="true">
            <key>
                <column name="v_teaid" length="50" not-null="true" />
            </key>
            <one-to-many class="com.cauc.training.pojos.TTeacherdgdistribution" />
        </set>
        <set name="TTeaLicenses" inverse="true">
            <key>
                <column name="v_teaid" length="50" />
            </key>
            <one-to-many class="com.cauc.training.pojos.TTeaLicense" />
        </set>
        <set name="TFlyreportsForVMonitorTeacher" inverse="true">
            <key>
                <column name="v_monitorTeacher" length="50" />
            </key>
            <one-to-many class="com.cauc.training.pojos.TFlyreport" />
        </set>
        <set name="assignExamTeachers" inverse="true">
            <key>
                <column name="v_schoolTeacher" length="50" />
            </key>
            <one-to-many class="com.cauc.training.pojos.AssignExamTeacher" />
        </set>
        <set name="TFlyreportsForVTeaid" inverse="true">
            <key>
                <column name="v_teaid" length="50" />
            </key>
            <one-to-many class="com.cauc.training.pojos.TFlyreport" />
        </set>
        <set name="TFlyreportsForVSingleTeacher" inverse="true">
            <key>
                <column name="v_singleTeacher" length="50" />
            </key>
            <one-to-many class="com.cauc.training.pojos.TFlyreport" />
        </set>
        <set name="TFlightTrainingrecordsForVFlyTeaId" inverse="true">
            <key>
                <column name="v_flyTeaId" length="50" />
            </key>
            <one-to-many class="com.cauc.training.pojos.TFlightTrainingrecord" />
        </set>
        <set name="TTeacherassignteachersForVTeacherasstudentid" inverse="true">
            <key>
                <column name="v_teacherasstudentid" length="50" />
            </key>
            <one-to-many class="com.cauc.training.pojos.TTeacherassignteacher" />
        </set>
        <set name="TTeaMedicalhistories" inverse="true">
            <key>
                <column name="v_teaid" length="50" />
            </key>
            <one-to-many class="com.cauc.training.pojos.TTeaMedicalhistory" />
        </set>
        <set name="TStuchangedteachersForVNewteacherid" inverse="true">
            <key>
                <column name="v_newteacherid" length="50" />
            </key>
            <one-to-many class="com.cauc.training.pojos.TStuchangedteacher" />
        </set>
        <set name="THistoryrecordsForVFlyTeaId" inverse="true">
            <key>
                <column name="v_flyTeaId" length="50" />
            </key>
            <one-to-many class="com.cauc.training.pojos.THistoryrecord" />
        </set>
        <set name="TTeacherflightexperiencerecords" inverse="true">
            <key>
                <column name="v_teacherid" length="50" />
            </key>
            <one-to-many class="com.cauc.training.pojos.TTeacherflightexperiencerecord" />
        </set>
        <set name="TTeacherpaytimes" inverse="true">
            <key>
                <column name="v_teacherid" length="50" />
            </key>
            <one-to-many class="com.cauc.training.pojos.TTeacherpaytime" />
        </set>
        <set name="THistoryrecordsForVTeacherid" inverse="true">
            <key>
                <column name="v_teacherid" length="50" />
            </key>
            <one-to-many class="com.cauc.training.pojos.THistoryrecord" />
        </set>
        <set name="practiceTests" inverse="true">
            <key>
                <column name="v_schoolTeacher" length="50" />
            </key>
            <one-to-many class="com.cauc.training.pojos.PracticeTest" />
        </set>
        <set name="TStuchangedteachersForVOldteacherid" inverse="true">
            <key>
                <column name="v_oldteacherid" length="50" />
            </key>
            <one-to-many class="com.cauc.training.pojos.TStuchangedteacher" />
        </set>
        <set name="TStuassignteachers" inverse="true">
            <key>
                <column name="v_teacherid" length="50" />
            </key>
            <one-to-many class="com.cauc.training.pojos.TStuassignteacher" />
        </set>
        <set name="THistoryrecordsForVMonitorteacherid" inverse="true">
            <key>
                <column name="v_monitorteacherid" length="50" />
            </key>
            <one-to-many class="com.cauc.training.pojos.THistoryrecord" />
        </set>
        <set name="TFlyteachrecords" inverse="true">
            <key>
                <column name="v_teacherid" length="50" />
            </key>
            <one-to-many class="com.cauc.training.pojos.TFlyteachrecord" />
        </set>
        <set name="flytaskbooks" inverse="true">
            <key>
                <column name="v_teacher" length="50" />
            </key>
            <one-to-many class="com.cauc.training.pojos.Flytaskbook" />
        </set>
        <set name="TTeacherassignteachersForVTeacherid" inverse="true">
            <key>
                <column name="v_teacherid" length="50" />
            </key>
            <one-to-many class="com.cauc.training.pojos.TTeacherassignteacher" />
        </set>
        <set name="TTeaMedicals" inverse="true">
            <key>
                <column name="v_teaid" length="50" />
            </key>
            <one-to-many class="com.cauc.training.pojos.TTeaMedical" />
        </set>
        <set name="teacherLicenseupdates" inverse="true">
            <key>
                <column name="v_teaid" length="50" />
            </key>
            <one-to-many class="com.cauc.training.pojos.TeacherLicenseupdate" />
        </set>
    </class>
</hibernate-mapping>
