<?xml version="1.0" encoding="utf-8"?>
<!DOCTYPE hibernate-mapping PUBLIC "-//Hibernate/Hibernate Mapping DTD 3.0//EN"
"http://hibernate.sourceforge.net/hibernate-mapping-3.0.dtd">
<!-- 
    Mapping file autogenerated by MyEclipse Persistence Tools
-->
<hibernate-mapping>
    <class name="com.cauc.training.pojos.TFile" table="t_file" schema="dbo" catalog="trainingRecord">
        <id name="VId" type="string">
            <column name="v_id" length="50" />
            <generator class="uuid.hex" />
        </id>
        <many-to-one name="TUser" class="com.cauc.training.pojos.TUser" fetch="select">
            <column name="v_createUserId" length="50" not-null="true" />
        </many-to-one>
        <property name="VTitle" type="string">
            <column name="v_title" length="200" />
        </property>
        <property name="VFilename" type="string">
            <column name="v_filename" length="100" />
        </property>
        <property name="IDoit" type="integer">
            <column name="i_doit" />
        </property>
        <property name="VIntroduction" type="string">
            <column name="v_introduction" length="2000" />
        </property>
        <property name="DCreateDate" type="timestamp">
            <column name="d_createDate" length="23" not-null="true" />
        </property>
    </class>
</hibernate-mapping>
