<?xml version="1.0" encoding="utf-8"?>
<!DOCTYPE hibernate-mapping PUBLIC "-//Hibernate/Hibernate Mapping DTD 3.0//EN"
"http://hibernate.sourceforge.net/hibernate-mapping-3.0.dtd">
<!-- 
    Mapping file autogenerated by MyEclipse Persistence Tools
-->
<hibernate-mapping>
    <class name="com.cauc.training.pojos.TFlightexperiencerecord" table="t_flightexperiencerecord" schema="dbo" catalog="trainingRecord">
        <id name="VId" type="string">
            <column name="v_id" length="50" />
            <generator class="uuid.hex" />
        </id>
        <many-to-one name="stationByVLandpos" class="com.cauc.training.pojos.Station" fetch="select">
            <column name="v_landpos" length="50" />
        </many-to-one>
        <many-to-one name="TDiction" class="com.cauc.training.pojos.TDiction" fetch="select">
            <column name="v_flytype" length="50" />
        </many-to-one>
        <many-to-one name="stationByVFlypos" class="com.cauc.training.pojos.Station" fetch="select">
            <column name="v_flypos" length="50" />
        </many-to-one>
        <many-to-one name="TTrainingLesson" class="com.cauc.training.pojos.TTrainingLesson" fetch="select">
            <column name="v_lessonid" length="50" />
        </many-to-one>
        <many-to-one name="TFlightTrainingrecord" class="com.cauc.training.pojos.TFlightTrainingrecord" fetch="select">
            <column name="v_tranid" length="50" not-null="true" />
        </many-to-one>
        <many-to-one name="planeinfo" class="com.cauc.training.pojos.Planeinfo" fetch="select">
            <column name="v_planeid" length="50" />
        </many-to-one>
        <property name="DFlydate" type="timestamp">
            <column name="d_flydate" length="23" />
        </property>
        <property name="DStarttime" type="timestamp">
            <column name="d_starttime" length="23" />
        </property>
        <property name="DEndtime" type="timestamp">
            <column name="d_endtime" length="23" />
        </property>
        <property name="IDaytimes" type="integer">
            <column name="i_daytimes" />
        </property>
        <property name="INeighttimes" type="integer">
            <column name="i_neighttimes" />
        </property>
        <property name="DJiashiyuantime" type="double">
            <column name="d_jiashiyuantime" precision="20" />
        </property>
        <property name="DJizhangtime" type="double">
            <column name="d_jizhangtime" precision="20" />
        </property>
        <property name="DDanfeitime" type="double">
            <column name="d_danfeitime" precision="20" />
        </property>
        <property name="DZhuanchangtime" type="double">
            <column name="d_zhuanchangtime" precision="20" />
        </property>
        <property name="DYejiantime" type="double">
            <column name="d_yejiantime" precision="20" />
        </property>
        <property name="DFujiashitime" type="double">
            <column name="d_fujiashitime" precision="20" />
        </property>
        <property name="DDaifeitime" type="double">
            <column name="d_daifeitime" precision="20" />
        </property>
        <property name="DFjszhuanchangtime" type="double">
            <column name="d_fjszhuanchangtime" precision="20" />
        </property>
        <property name="DFjszcyjtime" type="double">
            <column name="d_fjszcyjtime" precision="20" />
        </property>
        <property name="DMoniyibiaotime" type="double">
            <column name="d_moniyibiaotime" precision="20" />
        </property>
        <property name="DZhenshiyibiao" type="double">
            <column name="d_zhenshiyibiao" precision="20" />
        </property>
        <property name="VTranpos" type="string">
            <column name="v_tranpos" length="100" />
        </property>
        <property name="DMnjsj" type="double">
            <column name="d_mnjsj" precision="20" />
        </property>
        <property name="DXlqsj" type="double">
            <column name="d_xlqsj" precision="20" />
        </property>
        <property name="DTeachertime" type="double">
            <column name="d_teachertime" precision="20" />
        </property>
        <property name="VLhy" type="string">
            <column name="v_lhy" length="50" />
        </property>
        <property name="VTxy" type="string">
            <column name="v_txy" length="50" />
        </property>
        <property name="VJxy" type="string">
            <column name="v_jxy" length="50" />
        </property>
        <property name="VBz" type="string">
            <column name="v_bz" length="400" />
        </property>
        <property name="VImgname" type="string">
            <column name="v_imgname" length="50" />
        </property>
        <set name="TExperiencerecordEdits" inverse="true">
            <key>
                <column name="v_experienceid" length="50" not-null="true" />
            </key>
            <one-to-many class="com.cauc.training.pojos.TExperiencerecordEdit" />
        </set>
    </class>
</hibernate-mapping>
