<?xml version="1.0" encoding="utf-8"?>
<!DOCTYPE hibernate-mapping PUBLIC "-//Hibernate/Hibernate Mapping DTD 3.0//EN"
"http://hibernate.sourceforge.net/hibernate-mapping-3.0.dtd">
<!-- 
    Mapping file autogenerated by MyEclipse Persistence Tools
-->
<hibernate-mapping>
    <class name="com.cauc.training.pojos.TFlyreport" table="t_flyreport" schema="dbo" catalog="trainingRecord">
        <id name="VId" type="string">
            <column name="v_id" length="50" />
            <generator class="uuid.hex" />
        </id>
        <many-to-one name="stationByVLandpos" class="com.cauc.training.pojos.Station" fetch="select">
            <column name="v_landpos" length="50" />
        </many-to-one>
        <many-to-one name="TOutline" class="com.cauc.training.pojos.TOutline" fetch="select">
            <column name="v_outlineId" length="50" />
        </many-to-one>
        <many-to-one name="stationByVFlypos" class="com.cauc.training.pojos.Station" fetch="select">
            <column name="v_flypos" length="50" />
        </many-to-one>
        <many-to-one name="teacherBaseInfoByVMonitorTeacher" class="com.cauc.training.pojos.TeacherBaseInfo" fetch="select">
            <column name="v_monitorTeacher" length="50" />
        </many-to-one>
        <many-to-one name="flytaskbook" class="com.cauc.training.pojos.Flytaskbook" fetch="select">
            <column name="v_taskid" length="50" />
        </many-to-one>
        <many-to-one name="teacherBaseInfoByVSingleTeacher" class="com.cauc.training.pojos.TeacherBaseInfo" fetch="select">
            <column name="v_singleTeacher" length="50" />
        </many-to-one>
        <many-to-one name="TUser" class="com.cauc.training.pojos.TUser" fetch="select">
            <column name="v_createUserId" length="50" not-null="true" />
        </many-to-one>
        <many-to-one name="teacherBaseInfoByVTeaid" class="com.cauc.training.pojos.TeacherBaseInfo" fetch="select">
            <column name="v_teaid" length="50" />
        </many-to-one>
        <many-to-one name="TTrainingLesson" class="com.cauc.training.pojos.TTrainingLesson" fetch="select">
            <column name="v_lessonid" length="50" />
        </many-to-one>
        <many-to-one name="studentBaseInfo" class="com.cauc.training.pojos.StudentBaseInfo" fetch="select">
            <column name="v_stuid" length="50" />
        </many-to-one>
        <property name="DExectime" type="timestamp">
            <column name="d_exectime" length="23" />
        </property>
        <property name="IUserType" type="integer">
            <column name="i_userType" />
        </property>
        <property name="DStarttime" type="timestamp">
            <column name="d_starttime" length="23" />
        </property>
        <property name="DFlyTime" type="timestamp">
            <column name="d_flyTime" length="23" />
        </property>
        <property name="DLandTime" type="timestamp">
            <column name="d_landTime" length="23" />
        </property>
        <property name="DEndtime" type="timestamp">
            <column name="d_endtime" length="23" />
        </property>
        <property name="IFlys" type="integer">
            <column name="i_flys" />
        </property>
        <property name="ILands" type="integer">
            <column name="i_lands" />
        </property>
        <property name="DFdjstarttime" type="timestamp">
            <column name="d_fdjstarttime" length="23" />
        </property>
        <property name="DFdjendtime" type="timestamp">
            <column name="d_fdjendtime" length="23" />
        </property>
        <property name="IReportType" type="integer">
            <column name="i_reportType" />
        </property>
        <property name="VOtherFlight" type="string">
            <column name="v_otherFlight" length="200" />
        </property>
        <property name="VRemarks" type="string">
            <column name="v_remarks" length="400" />
        </property>
        <property name="DCreateDate" type="timestamp">
            <column name="D_createDate" length="23" not-null="true" />
        </property>
    </class>
</hibernate-mapping>
