<?xml version="1.0" encoding="utf-8"?>
<!DOCTYPE hibernate-mapping PUBLIC "-//Hibernate/Hibernate Mapping DTD 3.0//EN"
"http://hibernate.sourceforge.net/hibernate-mapping-3.0.dtd">
<!-- 
    Mapping file autogenerated by MyEclipse Persistence Tools
-->
<hibernate-mapping>
    <class name="com.cauc.training.pojos.TFunction" table="t_function" schema="dbo" catalog="trainingrecord">
        <id name="VId" type="string">
            <column name="v_id" length="50" />
            <generator class="uuid.hex" />
        </id>
        <many-to-one name="TUser" class="com.cauc.training.pojos.TUser" fetch="select">
            <column name="v_createUserId" length="50" not-null="true" />
        </many-to-one>
        <property name="VName" type="string">
            <column name="v_name" length="50" not-null="true" />
        </property>
        <property name="VParentid" type="string">
            <column name="v_parentid" length="50" />
        </property>
        <property name="IOrder" type="integer">
            <column name="i_order" />
        </property>
        <property name="VUrl" type="string">
            <column name="v_url" length="50" />
        </property>
        <property name="DCreateDate" type="timestamp">
            <column name="d_createDate" length="23" not-null="true" />
        </property>
        <property name="IDh" type="integer">
            <column name="i_dh" />
        </property>
        <property name="IRootid" type="integer">
            <column name="i_rootid" />
        </property>
        <set name="TRoleFunctions" inverse="true">
            <key>
                <column name="v_functionid" length="50" not-null="true" />
            </key>
            <one-to-many class="com.cauc.training.pojos.TRoleFunction" />
        </set>
        <set name="TLogs" inverse="true">
            <key>
                <column name="v_funtionid" length="50" />
            </key>
            <one-to-many class="com.cauc.training.pojos.TLog" />
        </set>
    </class>
</hibernate-mapping>
