<?xml version="1.0" encoding="utf-8"?>
<!DOCTYPE hibernate-mapping PUBLIC "-//Hibernate/Hibernate Mapping DTD 3.0//EN"
"http://hibernate.sourceforge.net/hibernate-mapping-3.0.dtd">
<!-- 
    Mapping file autogenerated by MyEclipse Persistence Tools
-->
<hibernate-mapping>
    <class name="com.cauc.training.pojos.THistoryscorebak" table="t_historyscorebak" schema="dbo" catalog="trainingRecord">
        <id name="VId" type="string">
            <column name="v_id" length="50" />
            <generator class="uuid.hex" />
        </id>
        <property name="VScoreid" type="string">
            <column name="v_scoreid" length="50" />
        </property>
        <property name="DScore" type="double">
            <column name="d_score" precision="20" />
        </property>
        <property name="DExamtime" type="timestamp">
            <column name="d_examtime" length="23" />
        </property>
        <property name="DCreateDate" type="timestamp">
            <column name="D_createDate" length="23" not-null="true" />
        </property>
        <property name="VCreateUserId" type="string">
            <column name="V_createUserId" length="50" not-null="true" />
        </property>
        <property name="VAuditUserId" type="string">
            <column name="V_auditUserId" length="50" />
        </property>
        <property name="DAuditDate" type="timestamp">
            <column name="D_auditDate" length="23" />
        </property>
    </class>
</hibernate-mapping>
