<?xml version="1.0" encoding="utf-8"?>
<!DOCTYPE hibernate-mapping PUBLIC "-//Hibernate/Hibernate Mapping DTD 3.0//EN"
"http://hibernate.sourceforge.net/hibernate-mapping-3.0.dtd">
<!-- 
    Mapping file autogenerated by MyEclipse Persistence Tools
-->
<hibernate-mapping>
    <class name="com.cauc.training.pojos.THistoryrecord" table="t_historyrecord" schema="dbo" catalog="trainingRecord">
        <id name="VId" type="string">
            <column name="v_id" length="50" />
            <generator class="uuid.hex" />
        </id>
        <many-to-one name="teacherBaseInfoByVFlyTeaId" class="com.cauc.training.pojos.TeacherBaseInfo" fetch="select">
            <column name="v_flyTeaId" length="50" />
        </many-to-one>
        <many-to-one name="studentBaseInfo" class="com.cauc.training.pojos.StudentBaseInfo" fetch="select">
            <column name="v_flyStuId" length="50" />
        </many-to-one>
        <many-to-one name="teacherBaseInfoByVTeacherid" class="com.cauc.training.pojos.TeacherBaseInfo" fetch="select">
            <column name="v_teacherid" length="50" />
        </many-to-one>
        <many-to-one name="TUserByVAudituserid" class="com.cauc.training.pojos.TUser" fetch="select">
            <column name="v_audituserid" length="50" />
        </many-to-one>
        <many-to-one name="stationByVFpos" class="com.cauc.training.pojos.Station" fetch="select">
            <column name="v_fpos" length="50" />
        </many-to-one>
        <many-to-one name="TTrainingLesson" class="com.cauc.training.pojos.TTrainingLesson" fetch="select">
            <column name="v_lessonid" length="50" />
        </many-to-one>
        <many-to-one name="TDiction" class="com.cauc.training.pojos.TDiction" fetch="select">
            <column name="v_flytype" length="50" />
        </many-to-one>
        <many-to-one name="TOutline" class="com.cauc.training.pojos.TOutline" fetch="select">
            <column name="v_outlineid" length="50" />
        </many-to-one>
        <many-to-one name="stationByVLpos" class="com.cauc.training.pojos.Station" fetch="select">
            <column name="v_lpos" length="50" />
        </many-to-one>
        <many-to-one name="TFlightTrainingrecord" class="com.cauc.training.pojos.TFlightTrainingrecord" fetch="select">
            <column name="v_trainid" length="50" not-null="true" />
        </many-to-one>
        <many-to-one name="teacherBaseInfoByVMonitorteacherid" class="com.cauc.training.pojos.TeacherBaseInfo" fetch="select">
            <column name="v_monitorteacherid" length="50" />
        </many-to-one>
        <many-to-one name="TUserByVCreateuserid" class="com.cauc.training.pojos.TUser" fetch="select">
            <column name="v_createuserid" length="50" not-null="true" />
        </many-to-one>
        <many-to-one name="planeinfo" class="com.cauc.training.pojos.Planeinfo" fetch="select">
            <column name="v_planeid" length="50" />
        </many-to-one>
        <property name="IFlyUserType" type="integer">
            <column name="i_flyUserType" />
        </property>
        <property name="DFlydate" type="timestamp">
            <column name="d_flydate" length="23" />
        </property>
        <property name="DStartmoment" type="timestamp">
            <column name="d_startmoment" length="23" />
        </property>
        <property name="DFlymoment" type="timestamp">
            <column name="d_flymoment" length="23" />
        </property>
        <property name="DEndmoment" type="timestamp">
            <column name="d_endmoment" length="23" />
        </property>
        <property name="DLandmoment" type="timestamp">
            <column name="d_landmoment" length="23" />
        </property>
        <property name="DCloseDate" type="timestamp">
            <column name="d_closeDate" length="23" />
        </property>
        <property name="DTrantime" type="double">
            <column name="d_trantime" precision="20" />
        </property>
        <property name="ILanddaytimes" type="integer">
            <column name="i_landdaytimes" />
        </property>
        <property name="ILangnighttimes" type="integer">
            <column name="i_langnighttimes" />
        </property>
        <property name="DCreatedate" type="timestamp">
            <column name="d_createdate" length="23" not-null="true" />
        </property>
        <property name="IStustatus" type="integer">
            <column name="i_stustatus" />
        </property>
        <property name="DAudittime" type="timestamp">
            <column name="d_audittime" length="23" />
        </property>
        <property name="IAuditstatus" type="integer">
            <column name="i_auditstatus" />
        </property>
        <property name="VImgname" type="string">
            <column name="v_imgname" length="50" />
        </property>
        <property name="TSigncontent" type="clob">
            <column name="t_signcontent" />
        </property>
        <property name="VSecondstudent" type="string">
            <column name="v_secondstudent" length="50" />
        </property>
    </class>
</hibernate-mapping>
