<?xml version="1.0" encoding="utf-8"?>
<!DOCTYPE hibernate-mapping PUBLIC "-//Hibernate/Hibernate Mapping DTD 3.0//EN"
"http://hibernate.sourceforge.net/hibernate-mapping-3.0.dtd">
<!-- 
    Mapping file autogenerated by MyEclipse Persistence Tools
-->
<hibernate-mapping>
    <class name="com.cauc.training.pojos.TLesson" table="t_lesson" schema="dbo" catalog="trainingRecord">
        <id name="VId" type="string">
            <column name="v_id" length="50" />
            <generator class="uuid.hex" />
        </id>
        <many-to-one name="TUser" class="com.cauc.training.pojos.TUser" fetch="select">
            <column name="v_createuserid" length="50" not-null="true" />
        </many-to-one>
        <property name="VLessonName" type="string">
            <column name="V_lessonName" length="200" />
        </property>
        <property name="VContent" type="string">
            <column name="V_content" length="2000" />
        </property>
        <property name="VStandard" type="string">
            <column name="v_standard" length="1000" />
        </property>
        <property name="VCankao" type="string">
            <column name="v_cankao" length="1000" />
        </property>
        <property name="DScore" type="double">
            <column name="d_score" precision="20" />
        </property>
        <property name="VTeacherName" type="string">
            <column name="v_teacherName" length="50" />
        </property>
        <property name="DCreatedate" type="timestamp">
            <column name="d_createdate" length="23" not-null="true" />
        </property>
        <property name="IType" type="integer">
            <column name="i_type" />
        </property>
        <property name="IOrder" type="integer">
            <column name="i_order" />
        </property>
        <set name="TScores" inverse="true">
            <key>
                <column name="V_lessonid" length="50" />
            </key>
            <one-to-many class="com.cauc.training.pojos.TScore" />
        </set>
        <set name="recommendStudentLicenseExams" inverse="true">
            <key>
                <column name="v_lessonid" length="50" />
            </key>
            <one-to-many class="com.cauc.training.pojos.RecommendStudentLicenseExam" />
        </set>
        <set name="TPointLines" inverse="true">
            <key>
                <column name="v_lessonid" length="50" />
            </key>
            <one-to-many class="com.cauc.training.pojos.TPointLine" />
        </set>
    </class>
</hibernate-mapping>
