<?xml version="1.0" encoding="utf-8"?>
<!DOCTYPE hibernate-mapping PUBLIC "-//Hibernate/Hibernate Mapping DTD 3.0//EN"
"http://hibernate.sourceforge.net/hibernate-mapping-3.0.dtd">
<!-- 
    Mapping file autogenerated by MyEclipse Persistence Tools
-->
<hibernate-mapping>
    <class name="com.cauc.training.pojos.TLog" table="t_log" schema="dbo" catalog="trainingRecord">
        <id name="VId" type="string">
            <column name="v_id" length="50" />
            <generator class="uuid.hex" />
        </id>
        <many-to-one name="TUser" class="com.cauc.training.pojos.TUser" fetch="select">
            <column name="v_createUserId" length="50" not-null="true" />
        </many-to-one>
        <many-to-one name="TFunction" class="com.cauc.training.pojos.TFunction" fetch="select">
            <column name="v_funtionid" length="50" />
        </many-to-one>
        <property name="VContent" type="clob">
            <column name="v_content" not-null="true" />
        </property>
        <property name="DCreateDate" type="timestamp">
            <column name="d_createDate" length="23" not-null="true" />
        </property>
        <property name="VOperateid" type="string">
            <column name="v_operateid" length="50" />
        </property>
    </class>
</hibernate-mapping>
