<?xml version="1.0" encoding="utf-8"?>
<!DOCTYPE hibernate-mapping PUBLIC "-//Hibernate/Hibernate Mapping DTD 3.0//EN"
"http://hibernate.sourceforge.net/hibernate-mapping-3.0.dtd">
<!-- 
    Mapping file autogenerated by MyEclipse Persistence Tools
-->
<hibernate-mapping>
    <class name="com.cauc.training.pojos.TOrg" table="t_org" schema="dbo" catalog="trainingRecord">
        <id name="VId" type="string">
            <column name="v_id" length="50" />
            <generator class="uuid.hex" />
        </id>
        <many-to-one name="TUser" class="com.cauc.training.pojos.TUser" fetch="select">
            <column name="v_createUserId" length="50" not-null="true" />
        </many-to-one>
        <property name="VName" type="string">
            <column name="v_name" length="50" not-null="true" />
        </property>
        <property name="VParentid" type="string">
            <column name="v_parentid" length="50" />
        </property>
        <property name="IStatus" type="integer">
            <column name="i_status" />
        </property>
        <property name="DCreateDate" type="timestamp">
            <column name="d_createDate" length="23" not-null="true" />
        </property>
        <set name="TPlaneexchangesForVNewbase" inverse="true">
            <key>
                <column name="v_newbase" length="50" />
            </key>
            <one-to-many class="com.cauc.training.pojos.TPlaneexchange" />
        </set>
        <set name="teacherBaseInfos" inverse="true">
            <key>
                <column name="v_orgid" length="50" />
            </key>
            <one-to-many class="com.cauc.training.pojos.TeacherBaseInfo" />
        </set>
        <set name="TSimulatorinfos" inverse="true">
            <key>
                <column name="v_baseId" length="50" />
            </key>
            <one-to-many class="com.cauc.training.pojos.TSimulatorinfo" />
        </set>
        <set name="studentBaseInfos" inverse="true">
            <key>
                <column name="V_companyid" length="50" />
            </key>
            <one-to-many class="com.cauc.training.pojos.StudentBaseInfo" />
        </set>
        <set name="TPlaneexchangesForVOldbase" inverse="true">
            <key>
                <column name="v_oldbase" length="50" />
            </key>
            <one-to-many class="com.cauc.training.pojos.TPlaneexchange" />
        </set>
        <set name="changecompaniesForVOldcompany" inverse="true">
            <key>
                <column name="v_oldcompany" length="50" />
            </key>
            <one-to-many class="com.cauc.training.pojos.Changecompany" />
        </set>
        <set name="changecompaniesForVNewcompany" inverse="true">
            <key>
                <column name="v_newcompany" length="50" />
            </key>
            <one-to-many class="com.cauc.training.pojos.Changecompany" />
        </set>
        <set name="planeinfos" inverse="true">
            <key>
                <column name="v_baseid" length="50" />
            </key>
            <one-to-many class="com.cauc.training.pojos.Planeinfo" />
        </set>
        <set name="TChangedgroupsForVOldgroup" inverse="true">
            <key>
                <column name="v_oldgroup" length="50" />
            </key>
            <one-to-many class="com.cauc.training.pojos.TChangedgroup" />
        </set>
        <set name="TStuassigngroups" inverse="true">
            <key>
                <column name="v_groupid" length="50" />
            </key>
            <one-to-many class="com.cauc.training.pojos.TStuassigngroup" />
        </set>
        <set name="TChangedgroupsForVNewgroup" inverse="true">
            <key>
                <column name="v_newgroup" length="50" />
            </key>
            <one-to-many class="com.cauc.training.pojos.TChangedgroup" />
        </set>
        <set name="TStuassignbases" inverse="true">
            <key>
                <column name="v_baseid" length="50" />
            </key>
            <one-to-many class="com.cauc.training.pojos.TStuassignbase" />
        </set>
        <set name="graduationStudentAssigns" inverse="true">
            <key>
                <column name="v_companyid" length="50" />
            </key>
            <one-to-many class="com.cauc.training.pojos.GraduationStudentAssign" />
        </set>
        <set name="TChangedbasesForVOldbaseid" inverse="true">
            <key>
                <column name="v_oldbaseid" length="50" />
            </key>
            <one-to-many class="com.cauc.training.pojos.TChangedbase" />
        </set>
        <set name="traininginfos" inverse="true">
            <key>
                <column name="v_baseId" length="50" />
            </key>
            <one-to-many class="com.cauc.training.pojos.Traininginfo" />
        </set>
        <set name="TOtherusers" inverse="true">
            <key>
                <column name="v_departmentid" length="50" />
            </key>
            <one-to-many class="com.cauc.training.pojos.TOtheruser" />
        </set>
        <set name="TChangedbasesForVNewbaseid" inverse="true">
            <key>
                <column name="v_newbaseid" length="50" />
            </key>
            <one-to-many class="com.cauc.training.pojos.TChangedbase" />
        </set>
    </class>
</hibernate-mapping>
