<?xml version="1.0" encoding="utf-8"?>
<!DOCTYPE hibernate-mapping PUBLIC "-//Hibernate/Hibernate Mapping DTD 3.0//EN"
"http://hibernate.sourceforge.net/hibernate-mapping-3.0.dtd">
<!-- 
    Mapping file autogenerated by MyEclipse Persistence Tools
-->
<hibernate-mapping>
    <class name="com.cauc.training.pojos.TOtheruser" table="t_otheruser" schema="dbo" catalog="trainingRecord">
        <id name="VId" type="string">
            <column name="v_id" length="50" />
            <generator class="uuid.hex" />
        </id>
        <many-to-one name="TOrg" class="com.cauc.training.pojos.TOrg" fetch="select">
            <column name="v_departmentid" length="50" />
        </many-to-one>
        <many-to-one name="TUser" class="com.cauc.training.pojos.TUser" fetch="select">
            <column name="v_createuserid" length="50" not-null="true" />
        </many-to-one>
        <property name="VName" type="string">
            <column name="v_name" length="50" not-null="true" />
        </property>
        <property name="VCode" type="string">
            <column name="v_code" length="50" />
        </property>
        <property name="VLxfs" type="string">
            <column name="v_lxfs" length="200" />
        </property>
        <property name="VCardid" type="string">
            <column name="v_cardid" length="20" />
        </property>
        <property name="VSex" type="string">
            <column name="v_sex" length="20" />
        </property>
        <property name="DCsrq" type="timestamp">
            <column name="d_csrq" length="23" />
        </property>
        <property name="VMz" type="string">
            <column name="v_mz" length="20" />
        </property>
        <property name="VZzmm" type="string">
            <column name="v_zzmm" length="20" />
        </property>
        <property name="VJg" type="string">
            <column name="v_jg" length="200" />
        </property>
        <property name="VJtzz" type="string">
            <column name="v_jtzz" length="200" />
        </property>
        <property name="VWhcd" type="string">
            <column name="v_whcd" length="50" />
        </property>
        <property name="DCrgzsj" type="timestamp">
            <column name="d_crgzsj" length="23" />
        </property>
        <property name="DCreatedate" type="timestamp">
            <column name="d_createdate" length="23" not-null="true" />
        </property>
        <property name="openStatus" type="integer">
            <column name="openStatus" />
        </property>
        <set name="assignExamTeachers" inverse="true">
            <key>
                <column name="v_examteacher" length="50" />
            </key>
            <one-to-many class="com.cauc.training.pojos.AssignExamTeacher" />
        </set>
        <set name="TSetClasses" inverse="true">
            <key>
                <column name="V_teacherid" length="50" />
            </key>
            <one-to-many class="com.cauc.training.pojos.TSetClass" />
        </set>
        <set name="practiceTests" inverse="true">
            <key>
                <column name="v_examteacher" length="50" />
            </key>
            <one-to-many class="com.cauc.training.pojos.PracticeTest" />
        </set>
        <set name="recommendStudentLicenseExams" inverse="true">
            <key>
                <column name="v_teacherid" length="50" />
            </key>
            <one-to-many class="com.cauc.training.pojos.RecommendStudentLicenseExam" />
        </set>
    </class>
</hibernate-mapping>
