<?xml version="1.0" encoding="utf-8"?>
<!DOCTYPE hibernate-mapping PUBLIC "-//Hibernate/Hibernate Mapping DTD 3.0//EN"
"http://hibernate.sourceforge.net/hibernate-mapping-3.0.dtd">
<!-- 
    Mapping file autogenerated by MyEclipse Persistence Tools
-->
<hibernate-mapping>
    <class name="com.cauc.training.pojos.TOutline" table="t_outline" schema="dbo" catalog="trainingRecord">
        <id name="VId" type="string">
            <column name="v_id" length="50" />
            <generator class="uuid.hex" />
        </id>
        <many-to-one name="TUserByVAudituserid" class="com.cauc.training.pojos.TUser" fetch="select">
            <column name="v_audituserid" length="50" />
        </many-to-one>
        <many-to-one name="TUserByVCreateuserid" class="com.cauc.training.pojos.TUser" fetch="select">
            <column name="v_createuserid" length="50" not-null="true" />
        </many-to-one>
        <property name="VName" type="string">
            <column name="v_name" length="200" not-null="true" />
        </property>
        <property name="VCode" type="string">
            <column name="v_code" length="200" not-null="true" />
        </property>
        <property name="VBc" type="string">
            <column name="v_bc" length="50" />
        </property>
        <property name="VRange" type="string">
            <column name="v_range" length="1000" />
        </property>
        <property name="VTarget" type="string">
            <column name="v_target" length="1000" />
        </property>
        <property name="VConditions" type="string">
            <column name="v_conditions" length="1000" />
        </property>
        <property name="VTraincycle" type="string">
            <column name="v_traincycle" length="600" />
        </property>
        <property name="VChangeschool" type="string">
            <column name="v_changeschool" length="1000" />
        </property>
        <property name="VStoptrain" type="string">
            <column name="v_stoptrain" length="400" />
        </property>
        <property name="VTrainmethod" type="string">
            <column name="v_trainmethod" length="2000" />
        </property>
        <property name="VScorejudge" type="string">
            <column name="v_scorejudge" length="2000" />
        </property>
        <property name="VTrainrecord" type="string">
            <column name="v_trainrecord" length="2000" />
        </property>
        <property name="DAudittime" type="timestamp">
            <column name="d_audittime" length="23" />
        </property>
        <property name="DUpdatetme" type="timestamp">
            <column name="d_updatetme" length="23" />
        </property>
        <property name="IUnits" type="integer">
            <column name="i_units" />
        </property>
        <property name="IStages" type="integer">
            <column name="i_stages" />
        </property>
        <property name="ILessons" type="integer">
            <column name="i_lessons" />
        </property>
        <property name="DTraintime" type="double">
            <column name="d_traintime" precision="20" />
        </property>
        <property name="DPlanetime" type="double">
            <column name="d_planetime" precision="20" />
        </property>
        <property name="DTrainningdevicetime" type="double">
            <column name="d_trainningdevicetime" precision="20" />
        </property>
        <property name="DMonijitime" type="double">
            <column name="d_monijitime" precision="20" />
        </property>
        <property name="VMeterclass" type="string">
            <column name="v_meterclass" length="50" />
        </property>
        <property name="VMultipleclass" type="string">
            <column name="v_multipleclass" length="50" />
        </property>
        <property name="VTrainequipment" type="string">
            <column name="v_trainequipment" length="50" />
        </property>
        <property name="VTrainform" type="string">
            <column name="v_trainform" length="1000" />
        </property>
        <property name="IStatus" type="integer">
            <column name="i_status" />
        </property>
        <property name="VFilename" type="string">
            <column name="v_filename" length="50" />
        </property>
        <property name="TSign" type="clob">
            <column name="t_sign" />
        </property>
        <property name="DCreatedate" type="timestamp">
            <column name="d_createdate" length="23" not-null="true" />
        </property>
        <set name="trainlessonunits" inverse="true">
            <key>
                <column name="v_outlineid" length="50" />
            </key>
            <one-to-many class="com.cauc.training.pojos.Trainlessonunit" />
        </set>
        <set name="THistoryrecords" inverse="true">
            <key>
                <column name="v_outlineid" length="50" />
            </key>
            <one-to-many class="com.cauc.training.pojos.THistoryrecord" />
        </set>
        <set name="TFlyreports" inverse="true">
            <key>
                <column name="v_outlineId" length="50" />
            </key>
            <one-to-many class="com.cauc.training.pojos.TFlyreport" />
        </set>
        <set name="TFlightTrainingrecords" inverse="true">
            <key>
                <column name="v_outlineid" length="50" />
            </key>
            <one-to-many class="com.cauc.training.pojos.TFlightTrainingrecord" />
        </set>
        <set name="outLineAudits" inverse="true">
            <key>
                <column name="v_outlineid" length="50" />
            </key>
            <one-to-many class="com.cauc.training.pojos.OutLineAudit" />
        </set>
        <set name="TChangedoutlinesForVOlddgid" inverse="true">
            <key>
                <column name="v_olddgid" length="50" />
            </key>
            <one-to-many class="com.cauc.training.pojos.TChangedoutline" />
        </set>
        <set name="TLessonFitChecks" inverse="true">
            <key>
                <column name="v_outlineid" length="50" />
            </key>
            <one-to-many class="com.cauc.training.pojos.TLessonFitCheck" />
        </set>
        <set name="TDgdistributions" inverse="true">
            <key>
                <column name="v_outlineid" length="50" not-null="true" />
            </key>
            <one-to-many class="com.cauc.training.pojos.TDgdistribution" />
        </set>
        <set name="TChangedoutlinesForVNewdgid" inverse="true">
            <key>
                <column name="v_newdgid" length="50" />
            </key>
            <one-to-many class="com.cauc.training.pojos.TChangedoutline" />
        </set>
        <set name="TTeacherdgdistributions" inverse="true">
            <key>
                <column name="v_outlineid" length="50" />
            </key>
            <one-to-many class="com.cauc.training.pojos.TTeacherdgdistribution" />
        </set>
    </class>
</hibernate-mapping>
