<?xml version="1.0" encoding="utf-8"?>
<!DOCTYPE hibernate-mapping PUBLIC "-//Hibernate/Hibernate Mapping DTD 3.0//EN"
"http://hibernate.sourceforge.net/hibernate-mapping-3.0.dtd">
<!-- 
    Mapping file autogenerated by MyEclipse Persistence Tools
-->
<hibernate-mapping>
    <class name="com.cauc.training.pojos.TPhase" table="t_phase" schema="dbo" catalog="trainingRecord">
        <id name="VId" type="string">
            <column name="v_id" length="50" />
            <generator class="uuid.hex" />
        </id>
        <many-to-one name="trainlessonunit" class="com.cauc.training.pojos.Trainlessonunit" fetch="select">
            <column name="v_unitid" length="50" />
        </many-to-one>
        <many-to-one name="TUser" class="com.cauc.training.pojos.TUser" fetch="select">
            <column name="v_createuserid" length="50" not-null="true" />
        </many-to-one>
        <property name="VName" type="string">
            <column name="v_name" length="100" />
        </property>
        <property name="VNo" type="string">
            <column name="v_no" length="50" />
        </property>
        <property name="VConditions" type="string">
            <column name="v_conditions" length="1000" />
        </property>
        <property name="VPassstandard" type="string">
            <column name="v_passstandard" length="1000" />
        </property>
        <property name="DCreatedate" type="timestamp">
            <column name="d_createdate" length="23" not-null="true" />
        </property>
        <set name="traininglessonRelations" inverse="true">
            <key>
                <column name="v_phaseid" length="50" />
            </key>
            <one-to-many class="com.cauc.training.pojos.TraininglessonRelation" />
        </set>
    </class>
</hibernate-mapping>
