<?xml version="1.0" encoding="utf-8"?>
<!DOCTYPE hibernate-mapping PUBLIC "-//Hibernate/Hibernate Mapping DTD 3.0//EN"
"http://hibernate.sourceforge.net/hibernate-mapping-3.0.dtd">
<!-- 
    Mapping file autogenerated by MyEclipse Persistence Tools
-->
<hibernate-mapping>
    <class name="com.cauc.training.pojos.TPlaneexchange" table="t_planeexchange" schema="dbo" catalog="trainingRecord">
        <id name="VId" type="string">
            <column name="v_id" length="50" />
            <generator class="uuid.hex" />
        </id>
        <many-to-one name="TOrgByVOldbase" class="com.cauc.training.pojos.TOrg" fetch="select">
            <column name="v_oldbase" length="50" />
        </many-to-one>
        <many-to-one name="TUser" class="com.cauc.training.pojos.TUser" fetch="select">
            <column name="V_createUserId" length="50" not-null="true" />
        </many-to-one>
        <many-to-one name="TOrgByVNewbase" class="com.cauc.training.pojos.TOrg" fetch="select">
            <column name="v_newbase" length="50" />
        </many-to-one>
        <many-to-one name="planeinfo" class="com.cauc.training.pojos.Planeinfo" fetch="select">
            <column name="v_planeid" length="50" />
        </many-to-one>
        <property name="DEcchange" type="timestamp">
            <column name="d_ecchange" length="23" />
        </property>
        <property name="DCreateDate" type="timestamp">
            <column name="d_createDate" length="23" not-null="true" />
        </property>
        <property name="VReason" type="string">
            <column name="v_reason" length="500" />
        </property>
        <property name="VAccording" type="string">
            <column name="v_according" length="500" />
        </property>
    </class>
</hibernate-mapping>
