<?xml version="1.0" encoding="utf-8"?>
<!DOCTYPE hibernate-mapping PUBLIC "-//Hibernate/Hibernate Mapping DTD 3.0//EN"
"http://hibernate.sourceforge.net/hibernate-mapping-3.0.dtd">
<!-- 
    Mapping file autogenerated by MyEclipse Persistence Tools
-->
<hibernate-mapping>
    <class name="com.cauc.training.pojos.TPointLine" table="t_pointLine" schema="dbo" catalog="trainingRecord">
        <id name="VId" type="string">
            <column name="v_id" length="50" />
            <generator class="uuid.hex" />
        </id>
        <many-to-one name="TUser" class="com.cauc.training.pojos.TUser" fetch="select">
            <column name="v_createuserid" length="50" not-null="true" />
        </many-to-one>
        <many-to-one name="TSetClass" class="com.cauc.training.pojos.TSetClass" fetch="select">
            <column name="v_classid" length="50" />
        </many-to-one>
        <many-to-one name="TLesson" class="com.cauc.training.pojos.TLesson" fetch="select">
            <column name="v_lessonid" length="50" />
        </many-to-one>
        <property name="DPointLine" type="double">
            <column name="d_pointLine" precision="20" />
        </property>
        <property name="DCreatedate" type="timestamp">
            <column name="d_createdate" length="23" not-null="true" />
        </property>
        <property name="DBkpointLine" type="double">
            <column name="d_bkpointLine" precision="20" />
        </property>
        <property name="IBktimes" type="integer">
            <column name="i_bktimes" />
        </property>
        <property name="IDays" type="integer">
            <column name="i_days" />
        </property>
    </class>
</hibernate-mapping>
