<?xml version="1.0" encoding="utf-8"?>
<!DOCTYPE hibernate-mapping PUBLIC "-//Hibernate/Hibernate Mapping DTD 3.0//EN"
"http://hibernate.sourceforge.net/hibernate-mapping-3.0.dtd">
<!-- 
    Mapping file autogenerated by MyEclipse Persistence Tools
-->
<hibernate-mapping>
    <class name="com.cauc.training.pojos.TraininglessonSubjectRelation" table="traininglessonSubjectRelation" schema="dbo" catalog="trainingRecord">
        <id name="VId" type="string">
            <column name="v_id" length="50" />
            <generator class="uuid.hex" />
        </id>
        <many-to-one name="TTimesubject" class="com.cauc.training.pojos.TTimesubject" fetch="select">
            <column name="v_subjectid" length="50" />
        </many-to-one>
        <many-to-one name="TTrainingLesson" class="com.cauc.training.pojos.TTrainingLesson" fetch="select">
            <column name="v_lessionid" length="50" />
        </many-to-one>
        <property name="DTime" type="double">
            <column name="d_time" precision="20" />
        </property>
    </class>
</hibernate-mapping>
