<?xml version="1.0" encoding="utf-8"?>
<!DOCTYPE hibernate-mapping PUBLIC "-//Hibernate/Hibernate Mapping DTD 3.0//EN"
"http://hibernate.sourceforge.net/hibernate-mapping-3.0.dtd">
<!-- 
    Mapping file autogenerated by MyEclipse Persistence Tools
-->
<hibernate-mapping>
    <class name="com.cauc.training.pojos.TrainingPlane" table="trainingPlane" schema="dbo" catalog="trainingrecord">
        <id name="VId" type="string">
            <column name="v_id" length="50" />
            <generator class="uuid.hex" />
        </id>
        <many-to-one name="studentBaseInfo" class="com.cauc.training.pojos.StudentBaseInfo" fetch="select">
            <column name="v_stuid" length="50" />
        </many-to-one>
        <property name="IWeek" type="integer">
            <column name="i_week" />
        </property>
        <property name="DTime" type="double">
            <column name="d_time" precision="18" />
        </property>
        <property name="DCreatedate" type="timestamp">
            <column name="d_createdate" length="23" />
        </property>
    </class>
</hibernate-mapping>
