<?xml version="1.0" encoding="utf-8"?>
<!DOCTYPE hibernate-mapping PUBLIC "-//Hibernate/Hibernate Mapping DTD 3.0//EN"
"http://hibernate.sourceforge.net/hibernate-mapping-3.0.dtd">
<!-- 
    Mapping file autogenerated by MyEclipse Persistence Tools
-->
<hibernate-mapping>
    <class name="com.cauc.training.pojos.TraininglessonRelation" table="traininglessonRelation" schema="dbo" catalog="trainingRecord">
        <id name="VId" type="string">
            <column name="v_id" length="50" />
            <generator class="uuid.hex" />
        </id>
        <many-to-one name="TPhase" class="com.cauc.training.pojos.TPhase" fetch="select">
            <column name="v_phaseid" length="50" />
        </many-to-one>
        <many-to-one name="TUser" class="com.cauc.training.pojos.TUser" fetch="select">
            <column name="v_createuserid" length="50" not-null="true" />
        </many-to-one>
        <many-to-one name="TTrainingLesson" class="com.cauc.training.pojos.TTrainingLesson" fetch="select">
            <column name="v_lessonid" length="50" />
        </many-to-one>
        <property name="DCreatedate" type="timestamp">
            <column name="d_createdate" length="23" not-null="true" />
        </property>
        <property name="IOrder" type="integer">
            <column name="i_order" />
        </property>
        <property name="VSecondName" type="string">
            <column name="v_secondName" length="100" />
        </property>
    </class>
</hibernate-mapping>
