<?xml version="1.0" encoding="utf-8"?>
<!DOCTYPE hibernate-mapping PUBLIC "-//Hibernate/Hibernate Mapping DTD 3.0//EN"
"http://hibernate.sourceforge.net/hibernate-mapping-3.0.dtd">
<!-- 
    Mapping file autogenerated by MyEclipse Persistence Tools
-->
<hibernate-mapping>
    <class name="com.cauc.training.pojos.TRole" table="t_role" schema="dbo" catalog="trainingRecord">
        <id name="VId" type="string">
            <column name="v_id" length="50" />
            <generator class="uuid.hex" />
        </id>
        <many-to-one name="TUser" class="com.cauc.training.pojos.TUser" fetch="select">
            <column name="v_createUserId" length="50" not-null="true" />
        </many-to-one>
        <property name="VName" type="string">
            <column name="v_name" length="50" not-null="true" unique="true" />
        </property>
        <property name="VDescription" type="string">
            <column name="v_description" length="400" />
        </property>
        <property name="DCreateDate" type="timestamp">
            <column name="d_createDate" length="23" not-null="true" />
        </property>
        <set name="TRoleFunctions" inverse="true">
            <key>
                <column name="v_roleid" length="50" not-null="true" />
            </key>
            <one-to-many class="com.cauc.training.pojos.TRoleFunction" />
        </set>
        <set name="TUserRightses" inverse="true">
            <key>
                <column name="v_roleid" length="50" not-null="true" />
            </key>
            <one-to-many class="com.cauc.training.pojos.TUserRights" />
        </set>
    </class>
</hibernate-mapping>
