<?xml version="1.0" encoding="utf-8"?>
<!DOCTYPE hibernate-mapping PUBLIC "-//Hibernate/Hibernate Mapping DTD 3.0//EN"
"http://hibernate.sourceforge.net/hibernate-mapping-3.0.dtd">
<!-- 
    Mapping file autogenerated by MyEclipse Persistence Tools
-->
<hibernate-mapping>
    <class name="com.cauc.training.pojos.TScoreAuditRecord" table="t_scoreAuditRecord" schema="dbo" catalog="trainingRecord">
        <id name="VId" type="string">
            <column name="v_id" length="50" />
            <generator class="uuid.hex" />
        </id>
        <many-to-one name="TScore" class="com.cauc.training.pojos.TScore" fetch="select">
            <column name="V_scoreid" length="50" />
        </many-to-one>
        <many-to-one name="TUser" class="com.cauc.training.pojos.TUser" fetch="select">
            <column name="V_auditUserId" length="50" />
        </many-to-one>
        <property name="IAudit" type="integer">
            <column name="i_audit" />
        </property>
        <property name="VReason" type="string">
            <column name="V_reason" length="400" />
        </property>
        <property name="DAuditDate" type="timestamp">
            <column name="D_auditDate" length="23" />
        </property>
    </class>
</hibernate-mapping>
