<?xml version="1.0" encoding="utf-8"?>
<!DOCTYPE hibernate-mapping PUBLIC "-//Hibernate/Hibernate Mapping DTD 3.0//EN"
"http://hibernate.sourceforge.net/hibernate-mapping-3.0.dtd">
<!-- 
    Mapping file autogenerated by MyEclipse Persistence Tools
-->
<hibernate-mapping>
    <class name="com.cauc.training.pojos.TScore" table="t_score" schema="dbo" catalog="trainingRecord">
        <id name="VId" type="string">
            <column name="v_id" length="50" />
            <generator class="uuid.hex" />
        </id>
        <many-to-one name="TUserByVAuditUserId" class="com.cauc.training.pojos.TUser" fetch="select">
            <column name="V_auditUserId" length="50" />
        </many-to-one>
        <many-to-one name="TUserByVCreateUserId" class="com.cauc.training.pojos.TUser" fetch="select">
            <column name="V_createUserId" length="50" not-null="true" />
        </many-to-one>
        <many-to-one name="TSetClass" class="com.cauc.training.pojos.TSetClass" fetch="select">
            <column name="v_classid" length="50" />
        </many-to-one>
        <many-to-one name="TLesson" class="com.cauc.training.pojos.TLesson" fetch="select">
            <column name="V_lessonid" length="50" />
        </many-to-one>
        <many-to-one name="studentBaseInfo" class="com.cauc.training.pojos.StudentBaseInfo" fetch="select">
            <column name="V_stuid" length="50" />
        </many-to-one>
        <property name="DScore" type="double">
            <column name="D_score" precision="20" />
        </property>
        <property name="DExamTime" type="timestamp">
            <column name="D_examTime" length="23" />
        </property>
        <property name="ITimes" type="integer">
            <column name="i_times" />
        </property>
        <property name="IPass" type="integer">
            <column name="i_pass" />
        </property>
        <property name="IAudit" type="integer">
            <column name="i_audit" />
        </property>
        <property name="DCreateDate" type="timestamp">
            <column name="D_createDate" length="23" not-null="true" />
        </property>
        <property name="DAuditDate" type="timestamp">
            <column name="D_auditDate" length="23" />
        </property>
        <set name="THistoryscores" inverse="true">
            <key>
                <column name="v_scoreid" length="50" />
            </key>
            <one-to-many class="com.cauc.training.pojos.THistoryscore" />
        </set>
        <set name="TScoreAuditRecords" inverse="true">
            <key>
                <column name="V_scoreid" length="50" />
            </key>
            <one-to-many class="com.cauc.training.pojos.TScoreAuditRecord" />
        </set>
    </class>
</hibernate-mapping>
