<?xml version="1.0" encoding="utf-8"?>
<!DOCTYPE hibernate-mapping PUBLIC "-//Hibernate/Hibernate Mapping DTD 3.0//EN"
"http://hibernate.sourceforge.net/hibernate-mapping-3.0.dtd">
<!-- 
    Mapping file autogenerated by MyEclipse Persistence Tools
-->
<hibernate-mapping>
    <class name="com.cauc.training.pojos.TSeq" table="t_seq" schema="dbo" catalog="trainingRecord">
        <id name="id" type="string">
            <column name="id" />
            <generator class="uuid.hex" />
        </id>
        <property name="obj" type="string">
            <column name="obj" />
        </property>
        <property name="nextId" type="long">
            <column name="nextId" />
        </property>
        <property name="cacheSize" type="long">
            <column name="cacheSize" />
        </property>
    </class>
</hibernate-mapping>
