<?xml version="1.0" encoding="utf-8"?>
<!DOCTYPE hibernate-mapping PUBLIC "-//Hibernate/Hibernate Mapping DTD 3.0//EN"
"http://hibernate.sourceforge.net/hibernate-mapping-3.0.dtd">
<!-- 
    Mapping file autogenerated by MyEclipse Persistence Tools
-->
<hibernate-mapping>
    <class name="com.cauc.training.pojos.TSetClass" table="t_setClass" schema="dbo" catalog="trainingRecord">
        <id name="VId" type="string">
            <column name="v_id" length="50" />
            <generator class="uuid.hex" />
        </id>
        <many-to-one name="TOtheruser" class="com.cauc.training.pojos.TOtheruser" fetch="select">
            <column name="V_teacherid" length="50" />
        </many-to-one>
        <many-to-one name="TUser" class="com.cauc.training.pojos.TUser" fetch="select">
            <column name="v_createuserid" length="50" not-null="true" />
        </many-to-one>
        <property name="VClassid" type="string">
            <column name="V_classid" length="50" />
        </property>
        <property name="VName" type="string">
            <column name="v_name" length="50" />
        </property>
        <property name="DCreateClassTime" type="timestamp">
            <column name="D_createClassTime" length="23" />
        </property>
        <property name="DBeginLessionTime" type="timestamp">
            <column name="D_beginLessionTime" length="23" />
        </property>
        <property name="DEndLessionTime" type="timestamp">
            <column name="D_endLessionTime" length="23" />
        </property>
        <property name="IModel" type="integer">
            <column name="i_model" />
        </property>
        <property name="DCreatedate" type="timestamp">
            <column name="d_createdate" length="23" not-null="true" />
        </property>
        <property name="IType" type="integer">
            <column name="i_type" />
        </property>
        <set name="TPointLines" inverse="true">
            <key>
                <column name="v_classid" length="50" />
            </key>
            <one-to-many class="com.cauc.training.pojos.TPointLine" />
        </set>
        <set name="studentDistributionClasses" inverse="true">
            <key>
                <column name="v_classid" length="50" />
            </key>
            <one-to-many class="com.cauc.training.pojos.StudentDistributionClass" />
        </set>
        <set name="recommendStudentLicenseExams" inverse="true">
            <key>
                <column name="v_classid" length="50" />
            </key>
            <one-to-many class="com.cauc.training.pojos.RecommendStudentLicenseExam" />
        </set>
        <set name="TScores" inverse="true">
            <key>
                <column name="v_classid" length="50" />
            </key>
            <one-to-many class="com.cauc.training.pojos.TScore" />
        </set>
    </class>
</hibernate-mapping>
