<?xml version="1.0" encoding="utf-8"?>
<!DOCTYPE hibernate-mapping PUBLIC "-//Hibernate/Hibernate Mapping DTD 3.0//EN"
"http://hibernate.sourceforge.net/hibernate-mapping-3.0.dtd">
<!-- 
    Mapping file autogenerated by MyEclipse Persistence Tools
-->
<hibernate-mapping>
    <class name="com.cauc.training.pojos.TSimulatorinfo" table="t_simulatorinfo" schema="dbo" catalog="trainingRecord">
        <id name="VId" type="string">
            <column name="v_id" length="50" />
            <generator class="uuid.hex" />
        </id>
        <many-to-one name="TOrg" class="com.cauc.training.pojos.TOrg" fetch="select">
            <column name="v_baseId" length="50" />
        </many-to-one>
        <many-to-one name="TUser" class="com.cauc.training.pojos.TUser" fetch="select">
            <column name="V_createUserId" length="50" not-null="true" />
        </many-to-one>
        <property name="VPlaneform" type="string">
            <column name="v_planeform" length="50" />
        </property>
        <property name="VFrom" type="string">
            <column name="v_from" length="50" />
        </property>
        <property name="DEnterdate" type="timestamp">
            <column name="d_enterdate" length="23" />
        </property>
        <property name="ITimes" type="integer">
            <column name="i_times" />
        </property>
        <property name="DUsetime" type="double">
            <column name="d_usetime" precision="20" />
        </property>
        <property name="VHgz" type="string">
            <column name="v_hgz" length="50" />
        </property>
        <property name="IStatus" type="integer">
            <column name="i_status" />
        </property>
        <property name="VDw" type="string">
            <column name="v_dw" length="200" />
        </property>
        <property name="VBz" type="string">
            <column name="v_bz" length="400" />
        </property>
        <property name="DCreateDate" type="timestamp">
            <column name="D_createDate" length="23" not-null="true" />
        </property>
    </class>
</hibernate-mapping>
