<?xml version="1.0" encoding="utf-8"?>
<!DOCTYPE hibernate-mapping PUBLIC "-//Hibernate/Hibernate Mapping DTD 3.0//EN"
"http://hibernate.sourceforge.net/hibernate-mapping-3.0.dtd">
<!-- 
    Mapping file autogenerated by MyEclipse Persistence Tools
-->
<hibernate-mapping>
    <class name="com.cauc.training.pojos.TStuStatus" table="t_stuStatus" schema="dbo" catalog="trainingRecord">
        <id name="VId" type="string">
            <column name="v_id" length="50" />
            <generator class="uuid.hex" />
        </id>
        <many-to-one name="TDictionByVOldstatusid" class="com.cauc.training.pojos.TDiction" fetch="select">
            <column name="V_oldstatusid" length="50" />
        </many-to-one>
        <many-to-one name="TUser" class="com.cauc.training.pojos.TUser" fetch="select">
            <column name="v_createuserid" length="50" />
        </many-to-one>
        <many-to-one name="studentBaseInfo" class="com.cauc.training.pojos.StudentBaseInfo" fetch="select">
            <column name="v_studentid" length="50" />
        </many-to-one>
        <many-to-one name="TDictionByVNewstatusid" class="com.cauc.training.pojos.TDiction" fetch="select">
            <column name="v_newstatusid" length="50" />
        </many-to-one>
        <property name="VComment" type="string">
            <column name="v_comment" length="400" />
        </property>
        <property name="DChangestatustime" type="timestamp">
            <column name="d_changestatustime" length="23" />
        </property>
        <property name="DCreatedate" type="timestamp">
            <column name="d_createdate" length="23" />
        </property>
    </class>
</hibernate-mapping>
