<?xml version="1.0" encoding="utf-8"?>
<!DOCTYPE hibernate-mapping PUBLIC "-//Hibernate/Hibernate Mapping DTD 3.0//EN"
"http://hibernate.sourceforge.net/hibernate-mapping-3.0.dtd">
<!-- 
    Mapping file autogenerated by MyEclipse Persistence Tools
-->
<hibernate-mapping>
    <class name="com.cauc.training.pojos.TTeaLicenseskilledcheck" table="t_teaLicenseskilledcheck" schema="dbo" catalog="trainingRecord">
        <id name="VId" type="string">
            <column name="v_id" length="50" />
            <generator class="uuid.hex" />
        </id>
        <many-to-one name="teacherLicenseupdate" class="com.cauc.training.pojos.TeacherLicenseupdate" fetch="select">
            <column name="v_upgradeid" length="50" />
        </many-to-one>
        <many-to-one name="TTeaLicense" class="com.cauc.training.pojos.TTeaLicense" fetch="select">
            <column name="v_licenseid" length="50" />
        </many-to-one>
        <many-to-one name="TUser" class="com.cauc.training.pojos.TUser" fetch="select">
            <column name="v_createuserid" length="50" not-null="true" />
        </many-to-one>
        <property name="DCheckdate" type="timestamp">
            <column name="d_checkdate" length="23" />
        </property>
        <property name="VCheckcontent" type="string">
            <column name="v_checkcontent" length="100" />
        </property>
        <property name="VCheckteacher" type="string">
            <column name="v_checkteacher" length="50" />
        </property>
        <property name="VBz" type="string">
            <column name="v_bz" length="200" />
        </property>
        <property name="DEffectdate" type="timestamp">
            <column name="d_effectdate" length="23" />
        </property>
        <property name="VFlyform" type="string">
            <column name="v_flyform" length="50" />
        </property>
        <property name="IChecktype" type="integer">
            <column name="i_checktype" />
        </property>
        <property name="DCreatedate" type="timestamp">
            <column name="d_createdate" length="23" not-null="true" />
        </property>
    </class>
</hibernate-mapping>
