<?xml version="1.0" encoding="utf-8"?>
<!DOCTYPE hibernate-mapping PUBLIC "-//Hibernate/Hibernate Mapping DTD 3.0//EN"
"http://hibernate.sourceforge.net/hibernate-mapping-3.0.dtd">
<!-- 
    Mapping file autogenerated by MyEclipse Persistence Tools
-->
<hibernate-mapping>
    <class name="com.cauc.training.pojos.TTeaMedical" table="t_teaMedical" schema="dbo" catalog="trainingRecord">
        <id name="VId" type="string">
            <column name="v_id" length="50" />
            <generator class="uuid.hex" />
        </id>
        <many-to-one name="TUser" class="com.cauc.training.pojos.TUser" fetch="select">
            <column name="v_createuserid" length="50" not-null="true" />
        </many-to-one>
        <many-to-one name="teacherBaseInfo" class="com.cauc.training.pojos.TeacherBaseInfo" fetch="select">
            <column name="v_teaid" length="50" />
        </many-to-one>
        <property name="ILevel" type="integer">
            <column name="i_level" />
        </property>
        <property name="VNation" type="string">
            <column name="v_nation" length="50" />
        </property>
        <property name="VLimit" type="string">
            <column name="v_limit" length="100" />
        </property>
        <property name="DResultdate" type="timestamp">
            <column name="d_resultdate" length="23" />
        </property>
        <property name="VDoctor" type="string">
            <column name="v_doctor" length="20" />
        </property>
        <property name="VIssuer" type="string">
            <column name="v_issuer" length="20" />
        </property>
        <property name="DIssueTime" type="timestamp">
            <column name="d_issueTime" length="23" />
        </property>
        <property name="DUsedTime" type="timestamp">
            <column name="d_usedTime" length="23" />
        </property>
        <property name="VCompany" type="string">
            <column name="v_company" length="200" />
        </property>
        <property name="DCreatedate" type="timestamp">
            <column name="d_createdate" length="23" not-null="true" />
        </property>
        <set name="TTeaMedicalhistories" inverse="true">
            <key>
                <column name="v_physicalid" length="50" />
            </key>
            <one-to-many class="com.cauc.training.pojos.TTeaMedicalhistory" />
        </set>
    </class>
</hibernate-mapping>
