<?xml version="1.0" encoding="utf-8"?>
<!DOCTYPE hibernate-mapping PUBLIC "-//Hibernate/Hibernate Mapping DTD 3.0//EN"
"http://hibernate.sourceforge.net/hibernate-mapping-3.0.dtd">
<!-- 
    Mapping file autogenerated by MyEclipse Persistence Tools
-->
<hibernate-mapping>
    <class name="com.cauc.training.pojos.TTrainsubject" table="t_trainsubject" schema="dbo" catalog="trainingRecord">
        <id name="VId" type="string">
            <column name="v_id" length="50" />
            <generator class="uuid.hex" />
        </id>
        <many-to-one name="TSubjectsort" class="com.cauc.training.pojos.TSubjectsort" fetch="select">
            <column name="v_typeid" length="50" />
        </many-to-one>
        <many-to-one name="TUser" class="com.cauc.training.pojos.TUser" fetch="select">
            <column name="v_createuserid" length="50" />
        </many-to-one>
        <property name="VName" type="string">
            <column name="v_name" length="200" not-null="true" />
        </property>
        <property name="ISort" type="integer">
            <column name="i_sort" />
        </property>
        <property name="VSubname" type="string">
            <column name="v_subname" length="200" />
        </property>
        <property name="DCreatedate" type="timestamp">
            <column name="d_createdate" length="23" />
        </property>
        <property name="IOrder" type="integer">
            <column name="i_order" />
        </property>
        <set name="studentsubjectscores" inverse="true">
            <key>
                <column name="v_subjectid" length="50" />
            </key>
            <one-to-many class="com.cauc.training.pojos.Studentsubjectscore" />
        </set>
        <set name="TTrainlessonsubjects" inverse="true">
            <key>
                <column name="v_subjectid" length="50" />
            </key>
            <one-to-many class="com.cauc.training.pojos.TTrainlessonsubject" />
        </set>
    </class>
</hibernate-mapping>
