<?xml version="1.0" encoding="utf-8"?>
<!DOCTYPE hibernate-mapping PUBLIC "-//Hibernate/Hibernate Mapping DTD 3.0//EN"
"http://hibernate.sourceforge.net/hibernate-mapping-3.0.dtd">
<!-- 
    Mapping file autogenerated by MyEclipse Persistence Tools
-->
<hibernate-mapping>
    <class name="com.cauc.training.pojos.TTrainingLesson" table="t_trainingLesson" schema="dbo" catalog="trainingrecord">
        <id name="VId" type="string">
            <column name="v_id" length="50" />
            <generator class="uuid.hex" />
        </id>
        <many-to-one name="stationByVStartpos" class="com.cauc.training.pojos.Station" fetch="select">
            <column name="v_startpos" length="50" />
        </many-to-one>
        <many-to-one name="TUser" class="com.cauc.training.pojos.TUser" fetch="select">
            <column name="v_createuserid" length="50" not-null="true" />
        </many-to-one>
        <many-to-one name="stationByVEndpos" class="com.cauc.training.pojos.Station" fetch="select">
            <column name="v_endpos" length="50" />
        </many-to-one>
        <property name="IOrder" type="integer">
            <column name="i_order" not-null="true" />
        </property>
        <property name="VNo" type="string">
            <column name="v_no" length="50" not-null="true" />
        </property>
        <property name="IAsciino" type="integer">
            <column name="i_asciino" />
        </property>
        <property name="VName" type="string">
            <column name="v_name" length="200" not-null="true" />
        </property>
        <property name="VVersion" type="string">
            <column name="v_version" length="10" />
        </property>
        <property name="IAsciiversion" type="integer">
            <column name="i_asciiversion" />
        </property>
        <property name="IType" type="integer">
            <column name="i_type" />
        </property>
        <property name="IPlaneproperty" type="integer">
            <column name="i_planeproperty" />
        </property>
        <property name="ITrainType" type="integer">
            <column name="i_trainType" />
        </property>
        <property name="IDaynightproperty" type="integer">
            <column name="i_daynightproperty" />
        </property>
        <property name="IFxxz" type="integer">
            <column name="i_fxxz" />
        </property>
        <property name="IKcxz" type="integer">
            <column name="i_kcxz" />
        </property>
        <property name="ITj" type="integer">
            <column name="i_tj" />
        </property>
        <property name="DFjsj" type="double">
            <column name="d_fjsj" precision="20" />
        </property>
        <property name="DXlqsj" type="double">
            <column name="d_xlqsj" precision="20" />
        </property>
        <property name="DMnjsj" type="double">
            <column name="d_mnjsj" precision="20" />
        </property>
        <property name="DYbsj" type="double">
            <column name="d_ybsj" precision="20" />
        </property>
        <property name="VTrainpurpose" type="string">
            <column name="v_trainpurpose" length="1000" />
        </property>
        <property name="VNeirong" type="string">
            <column name="v_neirong" length="1000" />
        </property>
        <property name="VTiaojian" type="string">
            <column name="v_tiaojian" length="1000" />
        </property>
        <property name="VShebei" type="string">
            <column name="v_shebei" length="1000" />
        </property>
        <property name="VXiangmu" type="string">
            <column name="v_xiangmu" length="1000" />
        </property>
        <property name="VTsyq" type="string">
            <column name="v_tsyq" length="400" />
        </property>
        <property name="VBz" type="string">
            <column name="v_bz" length="400" />
        </property>
        <property name="VBeiyong" type="string">
            <column name="v_beiyong" length="500" />
        </property>
        <property name="DCreatedate" type="timestamp">
            <column name="d_createdate" length="23" not-null="true" />
        </property>
        <property name="IIsthree" type="integer">
            <column name="i_isthree" />
        </property>
        <property name="IOneNum" type="integer">
            <column name="i_oneNum" />
        </property>
        <property name="ITotalNum" type="integer">
            <column name="i_totalNum" />
        </property>
        <set name="addHoursAndAddLessons" inverse="true">
            <key>
                <column name="v_lessonid" length="50" />
            </key>
            <one-to-many class="com.cauc.training.pojos.AddHoursAndAddLesson" />
        </set>
        <set name="traininglessonRelations" inverse="true">
            <key>
                <column name="v_lessonid" length="50" />
            </key>
            <one-to-many class="com.cauc.training.pojos.TraininglessonRelation" />
        </set>
        <set name="TFlyreports" inverse="true">
            <key>
                <column name="v_lessonid" length="50" />
            </key>
            <one-to-many class="com.cauc.training.pojos.TFlyreport" />
        </set>
        <set name="TExperiencerecordEdits" inverse="true">
            <key>
                <column name="v_lessonid" length="50" />
            </key>
            <one-to-many class="com.cauc.training.pojos.TExperiencerecordEdit" />
        </set>
        <set name="traininglessonSubjectRelations" inverse="true">
            <key>
                <column name="v_lessionid" length="50" />
            </key>
            <one-to-many class="com.cauc.training.pojos.TraininglessonSubjectRelation" />
        </set>
        <set name="TOtherflyrecords" inverse="true">
            <key>
                <column name="v_lessonid" length="50" />
            </key>
            <one-to-many class="com.cauc.training.pojos.TOtherflyrecord" />
        </set>
        <set name="TTeacherflightexperiencerecords" inverse="true">
            <key>
                <column name="v_lessonid" length="50" />
            </key>
            <one-to-many class="com.cauc.training.pojos.TTeacherflightexperiencerecord" />
        </set>
        <set name="TFlyteachrecords" inverse="true">
            <key>
                <column name="v_lessonid" length="50" />
            </key>
            <one-to-many class="com.cauc.training.pojos.TFlyteachrecord" />
        </set>
        <set name="TFlightexperiencerecords" inverse="true">
            <key>
                <column name="v_lessonid" length="50" />
            </key>
            <one-to-many class="com.cauc.training.pojos.TFlightexperiencerecord" />
        </set>
        <set name="THistoryrecords" inverse="true">
            <key>
                <column name="v_lessonid" length="50" />
            </key>
            <one-to-many class="com.cauc.training.pojos.THistoryrecord" />
        </set>
        <set name="TTeacherpaytimes" inverse="true">
            <key>
                <column name="v_lessonid" length="50" />
            </key>
            <one-to-many class="com.cauc.training.pojos.TTeacherpaytime" />
        </set>
        <set name="TFlightTrainingrecords" inverse="true">
            <key>
                <column name="v_lessonid" length="50" />
            </key>
            <one-to-many class="com.cauc.training.pojos.TFlightTrainingrecord" />
        </set>
        <set name="lessonchangedbaseflylines" inverse="true">
            <key>
                <column name="v_lessonid" length="50" />
            </key>
            <one-to-many class="com.cauc.training.pojos.Lessonchangedbaseflyline" />
        </set>
        <set name="TTrainlessonsubjects" inverse="true">
            <key>
                <column name="v_trainlessonid" length="50" />
            </key>
            <one-to-many class="com.cauc.training.pojos.TTrainlessonsubject" />
        </set>
    </class>
</hibernate-mapping>
