<?xml version="1.0" encoding="utf-8"?>
<!DOCTYPE hibernate-mapping PUBLIC "-//Hibernate/Hibernate Mapping DTD 3.0//EN"
"http://hibernate.sourceforge.net/hibernate-mapping-3.0.dtd">
<!-- 
    Mapping file autogenerated by MyEclipse Persistence Tools
-->
<hibernate-mapping>
    <class name="com.cauc.training.pojos.TTrainingrepair" table="t_trainingrepair" schema="dbo" catalog="trainingRecord">
        <id name="VId" type="string">
            <column name="v_id" length="50" />
            <generator class="uuid.hex" />
        </id>
        <many-to-one name="TUser" class="com.cauc.training.pojos.TUser" fetch="select">
            <column name="V_createUserId" length="50" not-null="true" />
        </many-to-one>
        <many-to-one name="traininginfo" class="com.cauc.training.pojos.Traininginfo" fetch="select">
            <column name="v_planeid" length="50" not-null="true" />
        </many-to-one>
        <property name="VRepairperson" type="string">
            <column name="v_repairperson" length="50" />
        </property>
        <property name="VContent" type="string">
            <column name="v_content" length="400" />
        </property>
        <property name="VRepairresult" type="string">
            <column name="v_repairresult" length="400" />
        </property>
        <property name="DStarttime" type="timestamp">
            <column name="d_starttime" length="23" />
        </property>
        <property name="DEndtime" type="timestamp">
            <column name="d_endtime" length="23" />
        </property>
        <property name="DCreateDate" type="timestamp">
            <column name="D_createDate" length="23" not-null="true" />
        </property>
    </class>
</hibernate-mapping>
