<?xml version="1.0" encoding="utf-8"?>
<!DOCTYPE hibernate-mapping PUBLIC "-//Hibernate/Hibernate Mapping DTD 3.0//EN"
"http://hibernate.sourceforge.net/hibernate-mapping-3.0.dtd">
<!-- 
    Mapping file autogenerated by MyEclipse Persistence Tools
-->
<hibernate-mapping>
    <class name="com.cauc.training.pojos.TUserRights" table="t_userRights" schema="dbo" catalog="trainingRecord">
        <id name="VId" type="string">
            <column name="v_id" length="50" />
            <generator class="uuid.hex" />
        </id>
        <many-to-one name="TRole" class="com.cauc.training.pojos.TRole" fetch="select">
            <column name="v_roleid" length="50" not-null="true" />
        </many-to-one>
        <many-to-one name="TUserByVCreateUserId" class="com.cauc.training.pojos.TUser" fetch="select">
            <column name="v_createUserId" length="50" not-null="true" />
        </many-to-one>
        <many-to-one name="TUserByVUserid" class="com.cauc.training.pojos.TUser" fetch="select">
            <column name="v_userid" length="50" not-null="true" />
        </many-to-one>
        <property name="DCreateDate" type="timestamp">
            <column name="d_createDate" length="23" not-null="true" />
        </property>
        <property name="IIsWrite" type="integer">
            <column name="i_isWrite" />
        </property>
    </class>
</hibernate-mapping>
